age,co2,co2_sigma,ref
-0.05103,368.0224879,0.060442231,rubino2013
-0.048,361.7807366,0.37,rubino2013
-0.046279272,359.6477932,0.098000133,rubino2013
-0.044405642,357.1067397,0.159922975,rubino2013
-0.04308,353.9466853,0.043007103,rubino2013
-0.042313517,353.7242358,0.221092608,rubino2013
-0.041134817,352.4163084,0.102247179,rubino2013
-0.0399714,350.8086522,0.161870326,rubino2013
-0.039407968,349.8002704,0.135223265,rubino2013
-0.038966335,349.2784146,0.126148722,rubino2013
-0.038069512,347.5974056,0.403196474,rubino2013
-0.037208592,345.441206,0.032364403,rubino2013
-0.036616016,344.7177686,0.093879456,rubino2013
-0.036143228,343.9736768,0.060520379,rubino2013
-0.03576218,343.1107521,0.143706129,rubino2013
-0.034916753,342.0519764,0.461680582,rubino2013
-0.03307685,341.3292967,0.09745204,rubino2013
-0.033025919,339.4604885,0.301941947,rubino2013
-0.02914259,334.8485555,0.374972198,rubino2013
-0.02679675,335.5469535,0.634097003,rubino2013
-0.02667037,332.3689555,1.267072959,rubino2013
-0.025570921,332.3656863,0.039400647,rubino2013
-0.024133413,331.5498057,0.634109608,rubino2013
-0.022088334,328.415888,0.634102973,rubino2013
-0.022041018,330.3504422,2.214392032,rubino2013
-0.020872682,326.3093257,1.342143357,rubino2013
-0.020656302,326.6491948,1.161682046,rubino2013
-0.02063715,324.9059937,0.17552765,rubino2013
-0.020221683,324.5570617,0.63408787,rubino2013
-0.019423218,324.7060576,0.634078884,rubino2013
-0.018984371,325.0771759,0.634090133,rubino2013
-0.018813869,324.0855174,0.634072374,rubino2013
-0.018538749,320.3806508,1.161646626,rubino2013
-0.016789044,320.4923554,1.161661607,rubino2013
-0.016545235,322.1747797,1.342134959,rubino2013
-0.015866012,320.9815664,1.742192461,rubino2013
-0.015297878,319.1950596,0.950534086,rubino2013
-0.015226349,319.8929363,0.634067309,rubino2013
-0.013564496,319.123473,0.941408438,rubino2013
-0.013200018,319.0660644,0.634064184,rubino2013
-0.01261528,318.6110626,0.89786365,rubino2013
-0.012542092,317.4481355,0.634057346,rubino2013
-0.012395341,319.1381732,0.634064469,rubino2013
-0.012321916,317.521628,0.634057654,rubino2013
-0.0117159,316.5926101,0.635490532,rubino2013
-0.010568662,318.2065804,1.723064,rubino2013
-0.010314045,313.0933881,1.812520761,rubino2013
-0.009092696,311.9838924,1.812519207,rubino2013
-0.008562971,316.33402,0.941400487,rubino2013
-0.008102786,316.1014029,1.723060696,rubino2013
-0.007872424,314.5721663,0.410902576,rubino2013
-0.007257539,315.2703546,1.161655146,rubino2013
-0.007203374,316.3253802,0.126942975,rubino2013
-0.007103747,314.4370578,0.786277062,rubino2013
-0.0061572,315.3420739,0.635471542,rubino2013
-0.004795965,314.7139613,2.214638064,rubino2013
-0.003791544,313.171057,0.634039485,rubino2013
-0.003713937,312.8003638,0.634037949,rubino2013
-0.003558561,312.2227408,1.424334549,rubino2013
-0.002383918,312.1844627,0.410887285,rubino2013
-0.0002509,312.0017776,0.635421148,rubino2013
0.000331528,313.6602846,2.214636808,rubino2013
0.001225945,309.6939936,0.41087146,rubino2013
0.002293513,311.57095,2.214634332,rubino2013
0.003336603,310.3629002,0.634027909,rubino2013
0.00337314,312.8663621,2.214635866,rubino2013
0.004384161,312.5596868,2.214635502,rubino2013
0.00444278,311.9671347,2.082558942,rubino2013
0.004612611,311.8114965,3.123674778,rubino2013
0.00503719,310.4402044,2.564594558,rubino2013
0.005235677,311.2775835,0.410881508,rubino2013
0.005490957,310.2243096,0.634027321,rubino2013
0.006426352,312.3616402,2.214635267,rubino2013
0.007792659,311.8780536,2.768216485,rubino2013
0.007964587,312.843733,2.564597012,rubino2013
0.008220302,312.3939386,2.214635306,rubino2013
0.009160585,311.8022677,2.214634605,rubino2013
0.009245991,307.7386636,1.161638188,rubino2013
0.010031,309.800915,0.635388242,rubino2013
0.010408173,310.9510867,0.634030329,rubino2013
0.010777515,311.2117943,0.634031385,rubino2013
0.011032277,310.4566675,2.168933292,rubino2013
0.0118384,308.4798278,0.635368601,rubino2013
0.011870148,311.9410288,1.34211432,rubino2013
0.01213212,311.5205097,2.214634274,rubino2013
0.012233307,312.3293255,0.134565591,rubino2013
0.013136786,307.4076932,1.161637452,rubino2013
0.014126642,309.3446869,2.870408723,rubino2013
0.014290543,307.2585986,1.16163712,rubino2013
0.014943699,306.3197984,1.161635039,rubino2013
0.016123575,309.6306261,0.634024903,rubino2013
0.016406951,307.0755443,2.564591083,rubino2013
0.017219076,305.9440282,1.161634207,rubino2013
0.017462701,308.2791992,2.214630464,rubino2013
0.017706396,308.2555622,0.634019259,rubino2013
0.019170306,305.7409187,1.451901426,rubino2013
0.020613674,305.3808267,0.068946337,rubino2013
0.0212564,305.7829415,0.635328764,rubino2013
0.021460693,305.7053722,0.941371001,rubino2013
0.0218432,305.6678685,0.635327072,rubino2013
0.02220354,308.0187419,3.176223027,rubino2013
0.024686957,304.9691568,0.634005914,rubino2013
0.025251619,304.7159147,1.723043524,rubino2013
0.027163117,306.1986243,3.817322318,rubino2013
0.027494958,303.1815383,0.941364148,rubino2013
0.030292219,301.8758604,1.16162527,rubino2013
0.031331601,304.6132073,2.214626204,rubino2013
0.032125412,303.8522213,0.671850156,rubino2013
0.034213969,301.9151507,0.63399364,rubino2013
0.035607004,300.7000887,2.449191474,rubino2013
0.03748486,301.2977262,0.633991174,rubino2013
0.038714986,299.2572775,1.723035441,rubino2013
0.038904612,297.7268154,1.723033214,rubino2013
0.039284149,298.106247,2.564582196,rubino2013
0.040235231,297.8691068,1.161616585,rubino2013
0.041476092,301.5041354,2.214622632,rubino2013
0.0442258,299.6268629,0.635239131,rubino2013
0.044456437,297.3282186,0.633975438,rubino2013
0.044649196,299.0235966,0.633982133,rubino2013
0.046093475,295.9913578,0.941344934,rubino2013
0.048298125,295.6106368,1.330060371,rubino2013
0.049821649,294.2207216,1.161608778,rubino2013
0.051057595,297.0473645,2.214617575,rubino2013
0.05134284,295.2814575,0.633967405,rubino2013
0.056243675,293.8088307,0.941339193,rubino2013
0.056341179,293.1665417,1.723026649,rubino2013
0.0569397,295.3164627,0.63517745,rubino2013
0.057121604,294.8594308,1.723029074,rubino2013
0.057609481,295.1719293,0.633966977,rubino2013
0.060131058,290.9175394,1.161601792,rubino2013
0.060992519,292.3423879,0.67604996,rubino2013
0.062605533,294.3417875,0.633963736,rubino2013
0.064399871,288.1157637,2.012887925,rubino2013
0.0658201,289.2265988,0.616607284,rubino2013
0.066208528,289.7624132,0.941328661,rubino2013
0.067077646,292.4639348,0.950462496,rubino2013
0.070049416,287.7707292,1.16159521,rubino2013
0.073094783,289.3281311,0.633944357,rubino2013
0.07626202,291.5581975,2.21461145,rubino2013
0.077173622,286.6550967,1.342066932,rubino2013
0.079955314,286.3257815,1.161592212,rubino2013
0.080343878,287.9864944,0.633939227,rubino2013
0.081585087,289.5361449,1.723021494,rubino2013
0.0822696,287.9922513,0.412768833,rubino2013
0.083256112,285.0522923,1.677474062,rubino2013
0.085871618,286.6541582,1.161592892,rubino2013
0.087021444,285.3533188,0.941317351,rubino2013
0.088165519,287.1745622,0.633936134,rubino2013
0.091155959,286.6330756,0.410730917,rubino2013
0.093379672,283.1621007,1.1615857,rubino2013
0.095281619,285.5655772,0.633930031,rubino2013
0.096291725,288.0544375,2.2146076,rubino2013
0.098894353,285.4658309,0.633929654,rubino2013
0.099173,288.7903954,0.412785873,rubino2013
0.099737618,284.001634,1.161587421,rubino2013
0.1026782,286.8392375,0.635058731,rubino2013
0.104095109,283.6198857,1.342061519,rubino2013
0.105345346,283.182872,1.161585743,rubino2013
0.10553889,283.5311237,1.161586456,rubino2013
0.106706787,281.5814826,1.161582475,rubino2013
0.109171843,283.6545457,0.633922827,rubino2013
0.1132998,284.151984,0.941799089,rubino2013
0.1168228,283.8203923,0.941796034,rubino2013
0.117126224,285.0861667,0.950443702,rubino2013
0.1230777,285.9089399,0.635045912,rubino2013
0.125255,281.3603653,0.941773478,rubino2013
0.1363403,284.4312876,0.941801666,rubino2013
0.1506636,282.7995519,0.788398537,rubino2013
0.1535285,280.4044367,1.72266188,rubino2013
0.1540565,282.3047107,0.634996638,rubino2013
0.1559035,281.617118,0.941775823,rubino2013
0.1697001,273.073717,0.412458894,rubino2013
0.1705109,280.2362982,0.634968641,rubino2013
0.1765445,277.8559525,0.941741685,rubino2013
0.1863032,276.396102,0.941728558,rubino2013
0.1871218,277.1556866,0.634927323,rubino2013
0.1978706,278.0020011,0.634938629,rubino2013
0.1980684,276.4573287,0.941729107,rubino2013
0.2008801,277.6000739,0.634933256,rubino2013
0.2087428,276.809,0.941732264,rubino2013
0.216128,278.3109425,0.941745791,rubino2013
0.2269926,277.0133098,0.9417341,rubino2013
0.2271356,278.2701102,1.267086427,rubino2013
0.2559336,277.3580509,0.634930024,rubino2013
0.2602586,276.3246168,0.941727917,rubino2013
0.2681057,276.6596678,0.634920713,rubino2013
0.3009031,278.0152295,0.634938806,rubino2013
0.3101855,276.6872123,0.94173117,rubino2013
0.3214007,273.7807623,0.412473216,rubino2013
0.3405392,271.1090305,0.412419288,rubino2013
0.3465814,275.0665778,0.634899562,rubino2013
0.3590094,279.3568611,0.95086906,rubino2013
0.3618233,281.1089282,0.941771184,rubino2013
0.3769871,282.5698275,0.635000242,rubino2013
0.3901371,281.8290415,0.941777761,rubino2013
0.4003525,283.5296826,1.267122056,rubino2013
0.4203243,283.9478904,0.635019025,rubino2013
0.4484714,283.1247804,0.635007795,rubino2013
0.4806032,280.3125047,1.267100183,rubino2013
0.5008362,282.2265804,0.950894954,rubino2013
0.5211956,279.7256959,0.412595084,rubino2013
0.5391394,279.6965499,0.941758334,rubino2013
0.5596679,280.9115788,0.63497776,rubino2013
0.6011501,278.3621212,0.412566904,rubino2013
0.61988,284.0676433,0.635020662,rubino2013
0.6425528,281.578409,0.94177547,rubino2013
0.6718032,278.4312489,0.412568329,rubino2013
0.6904929,282.1992861,0.941781148,rubino2013
0.6987306,282.4131105,0.634998111,rubino2013
0.739045,283.6882892,0.941794818,rubino2013
0.7501886,284.5400442,0.635027125,rubino2013
0.7840184,283.9659747,1.411605522,rubino2013
0.8037131,284.5105844,1.267128774,rubino2013
0.8343911,282.8416314,0.941787037,rubino2013
0.8505902,283.0944583,0.635007382,rubino2013
0.8797973,282.844416,0.941787062,rubino2013
0.90082294,280.9667443,0.634978505,rubino2013
0.90992083,280.9161702,0.941769427,rubino2013
0.93072784,280.0645297,0.634966326,rubino2013
0.93242209,279.7987034,1.342037193,rubino2013
0.96734583,278.7402402,1.411573695,rubino2013
0.99234736,277.4071684,0.412547249,rubino2013
1.03587184,280.1055259,2.213895625,rubino2013
1.0745898,279.4204406,1.411577804,rubino2013
1.12767222,278.6230032,1.411572988,rubino2013
1.15689504,279.7246992,2.213894154,rubino2013
1.18770454,279.2937108,2.213892491,rubino2013
1.2195665,279.9902637,0.412600568,rubino2013
1.24875007,277.0989409,0.412540919,rubino2013
1.28082364,278.454968,0.412568818,rubino2013
1.31300077,279.5880502,0.412592233,rubino2013
1.33547544,277.8697161,0.412556761,rubino2013
1.36759231,276.1960375,0.412522417,rubino2013
1.39253167,278.4608976,3.845059023,rubino2013
1.39837838,276.5590465,0.412529848,rubino2013
1.43204389,276.7895191,0.941732089,rubino2013
1.46186806,277.1056915,0.412541057,rubino2013
1.51306166,279.9999147,0.412600768,rubino2013
1.54363545,279.1252091,0.412582657,rubino2013
1.56577312,277.2469179,0.412543957,rubino2013
1.59266644,277.7953778,0.412555231,rubino2013
1.63245421,281.6921389,0.412635963,rubino2013
1.65439543,280.9089599,0.412619649,rubino2013
1.67555608,280.2444922,2.563635366,rubino2013
1.68390469,278.3143999,0.61645381,rubino2013
1.7093986,280.2490872,0.616480593,rubino2013
1.77546638,277.5558921,0.412550305,rubino2013
1.79646924,278.0719954,0.412560925,rubino2013
1.814,278.1,1,mcfarling_meure2006
1.846,277.5,1,mcfarling_meure2006
1.894,277.4,1,mcfarling_meure2006
1.92,277.9,1,mcfarling_meure2006
1.949,276.7,1,mcfarling_meure2006
1.999709091,278,1.2,monnin_2001_2004
2.093359091,276.9,0.7,monnin_2001_2004
2.234235273,276.7,0.8,monnin_2001_2004
2.265549333,276.7,0.8,monnin_2001_2004
2.414316667,277.6,1.3,monnin_2001_2004
2.52612497,277.9,0.5,monnin_2001_2004
2.628015758,273.9,1.1,monnin_2001_2004
2.708475455,278.9,0.6,monnin_2001_2004
2.801760667,275.3,1.6,monnin_2001_2004
2.904546909,274.7,1.2,monnin_2001_2004
2.948816303,276.3,0.9,monnin_2001_2004
3.056604242,274.6,0.8,monnin_2001_2004
3.255728182,276.3,1.5,monnin_2001_2004
3.283661576,273.1,1.1,monnin_2001_2004
3.431119273,274,0.3,monnin_2001_2004
3.528287879,275,0.6,monnin_2001_2004
3.644462727,273.4,1.3,monnin_2001_2004
3.693407697,273,0.8,monnin_2001_2004
3.80685697,271.5,1,monnin_2001_2004
3.856166364,275.4,0.5,monnin_2001_2004
3.968950606,274.9,1.3,monnin_2001_2004
4.108666727,271.7,1,monnin_2001_2004
4.205842364,271.6,0.7,monnin_2001_2004
4.275076667,272.8,0.8,monnin_2001_2004
4.342822424,271.5,0.9,monnin_2001_2004
4.494362424,271.1,0.8,monnin_2001_2004
4.592819273,269.1,0.6,monnin_2001_2004
4.647462909,269.8,1,monnin_2001_2004
4.773001515,271.5,0.8,monnin_2001_2004
4.921201818,270.7,0.5,monnin_2001_2004
4.981579879,269.3,1,monnin_2001_2004
5.086789939,268.6,1.1,monnin_2001_2004
5.218566182,269.8,1.2,monnin_2001_2004
5.311175758,267.6,0.6,monnin_2001_2004
5.357548545,265.3,1.7,monnin_2001_2004
5.533289576,265.2,0.8,monnin_2001_2004
5.581297333,267.6,2,monnin_2001_2004
5.757606364,265.9,0.9,monnin_2001_2004
5.852259636,265.5,0.8,monnin_2001_2004
5.934091455,260.7,1.6,monnin_2001_2004
5.999376061,266.7,0.9,monnin_2001_2004
6.089807879,265.5,0.8,monnin_2001_2004
6.301963333,263.2,0.6,monnin_2001_2004
6.337206909,262.7,0.9,monnin_2001_2004
6.401244848,261.2,0.7,monnin_2001_2004
6.572291576,261.1,0.4,monnin_2001_2004
6.682545394,259.4,0.6,monnin_2001_2004
6.769652545,262.1,0.9,monnin_2001_2004
6.880308667,262.9,0.5,monnin_2001_2004
6.970077394,258.1,1.4,monnin_2001_2004
7.038269879,257.6,0.9,monnin_2001_2004
7.188070303,262.3,0.9,monnin_2001_2004
7.27401,263,0.7,monnin_2001_2004
7.405323818,260.7,0.6,monnin_2001_2004
7.497865394,258.4,0.8,monnin_2001_2004
7.661366364,260.1,0.6,monnin_2001_2004
7.719591515,260.4,0.4,monnin_2001_2004
7.860181636,259.7,0.9,monnin_2001_2004
7.926365394,259.2,0.7,monnin_2001_2004
7.975853939,260.8,1.4,monnin_2001_2004
8.116284242,259.6,0.5,monnin_2001_2004
8.194798788,259.3,0.9,monnin_2001_2004
8.351876727,258.3,1.2,monnin_2001_2004
8.459675758,261.3,0.9,monnin_2001_2004
8.546579091,260.7,0.4,monnin_2001_2004
8.710678182,261.8,1,monnin_2001_2004
8.781282364,259,1.1,monnin_2001_2004
8.911853879,260.9,0.7,monnin_2001_2004
8.992985758,260.4,0.6,monnin_2001_2004
9.060173939,259.3,1,monnin_2001_2004
9.143012848,262,0.8,monnin_2001_2004
9.295308848,263.7,1.2,monnin_2001_2004
9.36111697,263.8,0.8,monnin_2001_2004
9.436703455,265.2,0.9,monnin_2001_2004
9.51805903,260.6,1.7,monnin_2001_2004
9.524439455,260.9,0.6,monnin_2001_2004
9.555863939,263,0.4,monnin_2001_2004
9.573266606,263.8,1.2,monnin_2001_2004
9.901037879,264.4,0.4,monnin_2001_2004
9.992609576,264.2,0.9,monnin_2001_2004
10.13450303,264,0.3,monnin_2001_2004
10.19295455,263.4,0.1,monnin_2001_2004
10.29955455,265.7,0.5,monnin_2001_2004
10.36655576,264.9,0.4,monnin_2001_2004
10.50555152,267.5,0.4,monnin_2001_2004
10.68048,266.9,0.6,monnin_2001_2004
10.80180909,266,1.1,monnin_2001_2004
10.83574364,265.1,1.6,monnin_2001_2004
10.95447879,267.6,0.7,monnin_2001_2004
11.08961576,264.8,0.6,monnin_2001_2004
11.16106364,264.8,0.4,monnin_2001_2004
11.18587091,265,0.8,monnin_2001_2004
11.20057636,265.3,0.4,monnin_2001_2004
11.25656788,264.4,1.5,monnin_2001_2004
11.31697879,264.1,0.7,monnin_2001_2004
11.339371,264.8062515,1.665699871,marcott2014
11.383156,264.8396344,1.290916678,marcott2014
11.399861,268.1638828,2.545907031,marcott2014
11.417453,264.4831387,2.038774676,marcott2014
11.435931,270.1434591,2.109958725,marcott2014
11.453064,268.8694824,0.695481145,marcott2014
11.472799,269.0965825,2.520897424,marcott2014
11.490446,267.1659883,0.851518926,marcott2014
11.507225,267.6634444,1.153096326,marcott2014
11.523934,269.5087268,0.850569195,marcott2014
11.543596,266.8975316,0.658274506,marcott2014
11.559612,262.7402713,1.420923136,marcott2014
11.576406,267.092646,0.498572284,marcott2014
11.592243,260.7019638,0.286491278,marcott2014
11.611307,261.3035571,1.522123006,marcott2014
11.628966,266.2202092,2.412823479,marcott2014
11.647924,257.1342933,1.340435779,marcott2014
11.664542,247.5528587,0.343508385,marcott2014
11.682818,254.6155973,0.884033354,marcott2014
11.701438,253.9908969,1.459950919,marcott2014
11.719717,256.0430609,1.255824549,marcott2014
11.74065,255.890869,1.399947311,marcott2014
11.759212,258.7419682,1.482300166,marcott2014
11.780723,258.2494701,0.332440423,marcott2014
11.802789,258.5305805,1.781228819,marcott2014
11.8205,257.1687108,1.484814436,marcott2014
11.843327,254.3101747,1.344835711,marcott2014
11.863118,253.62958,1.593077405,marcott2014
11.883166,251.5617445,0.581381005,marcott2014
11.904912,255.8965753,1.156984711,marcott2014
11.926956,258.574987,5.263207754,marcott2014
11.948086,248.9157021,2.042348144,marcott2014
11.969551,253.9931438,1.299308075,marcott2014
11.990691,255.3912978,1.386457708,marcott2014
12.015895,247.8506416,1.452015497,marcott2014
12.037316,248.4071332,0.352983713,marcott2014
12.058796,253.0980369,0.695640682,marcott2014
12.079849,251.0313866,2.568520493,marcott2014
12.105248,255.6570402,1.987685192,marcott2014
12.124583,253.0191365,0.870187767,marcott2014
12.146495,251.1387999,1.412474153,marcott2014
12.168481,251.4242804,0.854933932,marcott2014
12.190414,250.9681626,0.731860281,marcott2014
12.21134,249.6533401,1.227277837,marcott2014
12.232921,249.2318206,1.604296542,marcott2014
12.256477,248.9517462,1.482776272,marcott2014
12.280774,249.3772106,1.332252157,marcott2014
12.301036,248.9240191,0.294095334,marcott2014
12.321276,250.7315437,1.372976213,marcott2014
12.343121,246.9665079,0.762458179,marcott2014
12.365281,244.3094196,1.16444451,marcott2014
12.388308,243.0039985,1.207676581,marcott2014
12.409378,246.4034369,1.451022504,marcott2014
12.431925,247.6702385,0.824429024,marcott2014
12.454817,245.828192,0.555723072,marcott2014
12.47539,246.1791753,0.786696478,marcott2014
12.495838,244.4228225,1.179727246,marcott2014
12.52135,246.7361604,1.289531686,marcott2014
12.543717,249.9226267,1.721331934,marcott2014
12.564615,244.2749693,1.214287069,marcott2014
12.586604,247.0186642,0.271865193,marcott2014
12.607644,248.0915191,1.176204354,marcott2014
12.629853,246.9432776,0.452593612,marcott2014
12.653637,243.9483,1.681989153,marcott2014
12.673897,242.5290443,0.955009138,marcott2014
12.697141,244.2425219,0.959397701,marcott2014
12.7198,241.5919394,1.072175937,marcott2014
12.739914,247.2987801,0.412514274,marcott2014
12.762577,240.0194404,1.118580438,marcott2014
12.785627,241.4960201,2.089269209,marcott2014
12.80927,242.2333502,1.947292388,marcott2014
12.830152,242.1466121,1.335390353,marcott2014
12.852706,239.3450171,1.292546675,marcott2014
12.873977,241.2383064,1.298151511,marcott2014
12.893384,239.4354294,0.788201793,marcott2014
12.917105,238.7942419,1.122417247,marcott2014
12.939228,238.1767071,2.823889223,marcott2014
12.959751,240.7072617,0.94679877,marcott2014
12.980883,237.1480182,0.807610267,marcott2014
13.001057,239.4187762,2.092655676,marcott2014
13.021916,234.6771144,0.191457731,marcott2014
13.043693,238.8648011,1.93791055,marcott2014
13.066591,237.9090254,2.235779064,marcott2014
13.088223,241.5552999,1.158969694,marcott2014
13.128448,234.8172846,0.110067631,marcott2014
13.17267,236.9100647,0.962304186,marcott2014
13.216195,239.4098937,0.693634434,marcott2014
13.266965,240.4197734,0.146244443,marcott2014
13.304149,236.8602209,0.342771052,marcott2014
13.418103,237.8262926,1.870170376,marcott2014
13.486737,240.2542736,1.409554379,marcott2014
13.531749,235.8255291,0.395826205,marcott2014
13.600809,243.8597984,0.124648594,marcott2014
13.645346,238.5474752,0.458938722,marcott2014
13.712826,241.5913913,1.232457313,marcott2014
13.75873,241.1149041,2.220242509,marcott2014
13.827204,239.0843507,0.100074703,marcott2014
13.871566,237.9515852,0.85352273,marcott2014
13.940228,240.5703386,0.571653847,marcott2014
14.001788,235.9195826,1.038693957,marcott2014
14.022859,237.8687866,1.085182219,marcott2014
14.060093,241.269165,1.173102861,marcott2014
14.084472,232.8800062,1.524485443,marcott2014
14.120057,236.3980598,0.133591237,marcott2014
14.156604,239.2381868,0.419221092,marcott2014
14.179551,239.3606478,0.81172583,marcott2014
14.205559,238.3613364,1.890501281,marcott2014
14.237445,236.5950353,1.187944479,marcott2014
14.273024,240.2122954,1.333690692,marcott2014
14.298717,239.0367768,0.215312026,marcott2014
14.308608,235.8013722,1.099624694,marcott2014
14.343156,242.0789189,1.094260412,marcott2014
14.354483,238.3900589,0.490904877,marcott2014
14.374989,240.3252352,1.046646412,marcott2014
14.410597,242.5463916,1.42332466,marcott2014
14.422234,242.604603,1.755666425,marcott2014
14.443283,240.9489026,0.345435229,marcott2014
14.463583,238.6134573,0.765209665,marcott2014
14.497209,242.0553866,2.246748502,marcott2014
14.520852,241.1441164,1.265535855,marcott2014
14.531297,243.1737729,0.811265051,marcott2014
14.541662,235.8323421,0.564374617,marcott2014
14.552933,241.7298076,0.419945733,marcott2014
14.563518,239.8599977,1.455868838,marcott2014
14.575933,239.7650381,1.73800113,marcott2014
14.586185,237.9659544,1.137419277,marcott2014
14.595468,235.3095142,0.613606755,marcott2014
14.606209,237.5863296,0.851742185,marcott2014
14.619389,237.9707238,0.761363228,marcott2014
14.629987,240.1020213,1.115425088,marcott2014
14.645202,238.1159241,0.59828742,marcott2014
14.652256,234.622083,0.392363858,marcott2014
14.664087,233.4167859,0.285418575,marcott2014
14.675119,234.3354185,1.042298452,marcott2014
14.686374,237.492439,0.293542475,marcott2014
14.696689,228.9069485,0.435953656,marcott2014
14.706958,228.1794674,0.770786873,marcott2014
14.718124,230.5296191,1.095775941,marcott2014
14.730883,234.5366891,1.230977382,marcott2014
14.743189,231.4750143,1.104934718,marcott2014
14.758515,227.9025821,0.748173346,marcott2014
14.763412,224.6441299,0.782414857,marcott2014
14.776283,227.3927297,1.115766299,marcott2014
14.787831,227.7853621,0.230760705,marcott2014
14.799135,228.5025021,1.024110551,marcott2014
14.810614,227.5760817,0.432444381,marcott2014
14.822391,226.5069056,0.699097295,marcott2014
14.83475,228.4041873,0.011029133,marcott2014
14.844772,227.8736319,0.410426271,marcott2014
14.857525,233.1674386,1.472401474,marcott2014
14.869177,232.2212331,0.585239377,marcott2014
14.880662,227.8515067,1.109378857,marcott2014
14.892457,230.6301424,1.244743925,marcott2014
14.904212,228.7152896,0.539565413,marcott2014
14.915908,228.3587951,0.532591788,marcott2014
14.92902,228.469793,0.335076882,marcott2014
14.953662,228.8902955,1.226772804,marcott2014
14.976478,229.7867258,2.089491489,marcott2014
14.987256,227.6509859,1.219171609,marcott2014
15.01148,228.3650655,1.018065794,marcott2014
15.034777,225.3808352,0.838866632,marcott2014
15.072534,228.9948075,0.241172389,marcott2014
15.09581,234.4744689,0.023335995,marcott2014
15.133528,229.6716066,0.630600972,marcott2014
15.156516,228.8057322,0.892789497,marcott2014
15.181113,227.8435848,1.037400495,marcott2014
15.218875,230.1833981,0.328462717,marcott2014
15.243443,228.2658596,1.214364752,marcott2014
15.280741,225.7716291,0.919551685,marcott2014
15.320944,227.643061,1.417612311,marcott2014
15.345237,228.91652,0.957155987,marcott2014
15.382846,225.3879517,1.57123038,marcott2014
15.410078,224.7431162,0.753182027,marcott2014
15.462934,223.2710403,1.377398264,marcott2014
15.546395,223.5305343,0.346660342,marcott2014
15.64943,222.7583451,1.370468997,marcott2014
15.704787,222.1576434,0.566378195,marcott2014
15.767681,224.8571802,1.87040614,marcott2014
15.844953,222.3646872,0.436658223,marcott2014
15.920254,223.5107393,0.648078476,marcott2014
15.936522,223.768191,0.639334669,marcott2014
15.995492,223.7224507,2.062396855,marcott2014
15.998978,224.4079902,0.177610301,marcott2014
16.01467,222.3932787,0.893094196,marcott2014
16.033783,224.4802221,1.43334035,marcott2014
16.083,224.2423601,0.820341141,marcott2014
16.114135,222.4115118,1.309434892,marcott2014
16.151209,224.8625785,1.024743409,marcott2014
16.166707,226.19088,0.071697463,marcott2014
16.187461,221.4898463,1.176905106,marcott2014
16.208708,227.3244742,1.212502893,marcott2014
16.222957,223.2363153,0.553887217,marcott2014
16.240564,220.4851709,1.059451264,marcott2014
16.260727,218.5638246,0.966786897,marcott2014
16.278743,214.2212289,0.594552631,marcott2014
16.296958,212.8436751,0.745912625,marcott2014
16.317429,214.5978425,0.596488834,marcott2014
16.337251,212.4297077,1.188105898,marcott2014
16.354228,214.8309479,1.203066018,marcott2014
16.374888,211.2133503,0.499802238,marcott2014
16.391886,209.5081041,0.815728283,marcott2014
16.410706,212.9488854,0.940508813,marcott2014
16.431323,211.7934498,1.807132802,marcott2014
16.458381,217.1872261,0.279056763,marcott2014
16.472034,213.9380168,1.113412955,marcott2014
16.509932,207.9470734,0.122978676,marcott2014
16.553509,208.650109,0.521232581,marcott2014
16.590012,208.4614276,0.839499002,marcott2014
16.655879,213.1546924,0.808533266,marcott2014
16.733528,210.2493948,1.10193466,marcott2014
16.797545,205.5254888,0.961741101,marcott2014
16.869315,205.1850919,0.961741101,marcott2014
16.928831,202.9290477,0.675029974,marcott2014
16.994774,204.3247383,1.088696181,marcott2014
17.091847,202.1012164,1.05215317,marcott2014
17.163698,198.6310893,1.300707592,marcott2014
17.236245,198.2941754,0.776660077,marcott2014
17.287896,195.8757391,0.497133024,marcott2014
17.311873,194.6514132,0.266047979,marcott2014
17.360496,190.5028434,0.909033112,marcott2014
17.385299,193.0202134,0.393808589,marcott2014
17.410026,191.8856674,0.269457887,marcott2014
17.434971,190.7573981,0.465299416,marcott2014
17.460991,193.0004923,0.461104861,marcott2014
17.485291,191.4761143,0.501296116,marcott2014
17.510868,191.5857344,0.054238037,marcott2014
17.534589,192.3704753,0.605569934,marcott2014
17.561459,192.6236484,0.298637334,marcott2014
17.586251,196.9632882,0.863509229,marcott2014
17.612004,195.7903929,0.239158638,marcott2014
17.637878,193.2102062,1.228683833,marcott2014
17.665057,194.3760035,0.555028699,marcott2014
17.691214,191.5189594,1.334628182,marcott2014
17.717049,189.5231391,0.564302252,marcott2014
17.74375,190.4114564,0.239656169,marcott2014
17.769713,191.7049631,0.330806799,marcott2014
17.797574,187.2525634,0.662163276,marcott2014
17.825432,191.207399,1.23820212,marcott2014
17.854603,189.5176343,0.71904953,marcott2014
17.880995,190.2606132,1.192306085,marcott2014
17.907158,191.723791,0.261469407,marcott2014
17.935988,188.542157,0.982142825,marcott2014
17.965825,188.656499,0.104864782,marcott2014
17.992042,188.9556833,0.643065928,marcott2014
18.02445,187.7853114,1.096121313,marcott2014
18.050092,187.7267727,0.4985093,marcott2014
18.081597,188.6407209,0.470320706,marcott2014
18.110627,188.590446,1.480500953,marcott2014
18.139755,184.8751082,0.228288493,marcott2014
18.173163,189.0114574,1.126510505,marcott2014
18.201792,185.6483772,0.952822393,marcott2014
18.232181,188.8775085,0.472403363,marcott2014
18.264682,188.5215344,1.15710754,marcott2014
18.295805,189.0320853,0.192602099,marcott2014
18.324393,187.1210723,0.837203606,marcott2014
18.360352,188.731575,0.182432744,marcott2014
18.391159,188.2127161,1.15736131,marcott2014
18.422425,188.4698499,0.7483527,marcott2014
18.457829,187.446881,1.065755124,marcott2014
18.486591,187.0879475,0.703659236,marcott2014
18.519994,187.6657005,0.141408287,marcott2014
18.582943,188.5706082,0.617955639,marcott2014
18.677396,193.9029437,0.501846194,marcott2014
18.747045,191.2709927,1.013867879,marcott2014
18.803635,192.9746062,1.09940778,marcott2014
18.835152,188.4364689,0.822752676,marcott2014
18.866913,188.4991758,0.526676431,marcott2014
18.993816,192.709914,1.747009069,marcott2014
19.152786,191.0855049,1.121009894,marcott2014
19.282155,191.584282,0.843181138,marcott2014
19.442725,191.5166185,1.300410676,marcott2014
19.568151,188.9530391,0.245510015,marcott2014
19.629493,191.4187653,0.586308975,marcott2014
19.791188,193.6006393,0.530319749,marcott2014
19.883882,196.0551518,0.422095963,marcott2014
20.018696,193.7230209,0.750362845,marcott2014
20.213307,190.4730177,1.213292293,marcott2014
20.407601,189.990225,0.654258157,marcott2014
20.536804,193.925954,0.692606627,marcott2014
20.666489,187.7613088,0.929976018,marcott2014
20.828392,192.657502,1.09466413,marcott2014
20.964428,190.8707841,0.817552208,marcott2014
21.06769,188.4011718,0.867181128,marcott2014
21.212702,190.0517829,0.068448655,marcott2014
21.345184,187.2427817,1.161275436,marcott2014
21.562853,185.2260526,0.306309799,marcott2014
21.790593,187.9571767,0.218748028,marcott2014
21.913629,190.7825044,0.952142266,marcott2014
22.055594,187.3811396,1.550055634,marcott2014
22.230886,191.2705276,0.988206374,marcott2014
22.2922,187.2242115,0.45,ahn2014
22.3476,187.0216472,1.25,ahn2014
22.5501,184.6792182,0.2,ahn2014
22.6041,185.2074945,1.625,ahn2014
22.6508,188.4866056,0.23,ahn2014
22.7493,190.0135889,0.255,ahn2014
22.8336,186.1336889,0.125,ahn2014
22.994,189.3973396,1.125,ahn2014
23.0138,190.5300755,0.645,ahn2014
23.1073,190.0805015,0.825,ahn2014
23.185,188.6041093,0.87,ahn2014
23.2767,197.671885,1.285,ahn2014
23.3584,193.5328204,1.715,ahn2014
23.4452,186.7793563,0.465,ahn2014
23.6005,187.9853592,0.405955663,ahn2014
23.8738,183.1294475,0.035,ahn2014
24.0777,184.6823772,0.62,ahn2014
24.2698,186.7268949,0.925,ahn2014
24.6436,180.5655168,2.725,ahn2014
25.1636,180.6936999,0.785,ahn2014
25.3511,182.6604169,0.075,ahn2014
25.5436,183.3789183,0.62,ahn2014
25.786,186.5411615,0.58,ahn2014
26.016,184.5181517,0.405,ahn2014
26.2545,184.5716824,0.515,ahn2014
26.315,183.7673068,0.53,ahn2014
26.4607,186.0128248,0.81,ahn2014
26.5371,185.5131814,0.525,ahn2014
26.7037,185.4366044,0.335,ahn2014
26.8578,186.4311476,0.225,ahn2014
26.9549,188.0846282,0.8,ahn2014
27.042,187.3935686,0.21,ahn2014
27.0848,186.271359,0.065,ahn2014
27.1702,194.928153,0.479212317,ahn2014
27.2801,190.0614572,0.47,ahn2014
27.4419,191.9531337,0.84011284,ahn2014
27.5028,191.2337979,1.915,ahn2014
27.5497,191.5337588,1.944155236,ahn2014
27.5864,191.9535006,0.38,ahn2014
27.6613,191.4600117,0.685,ahn2014
27.687,192.7123708,0.075,ahn2014
27.7141,190.6078691,1.635,ahn2014
27.7186,189.3045239,0.315,ahn2014
27.8207,187.5863925,0.865,ahn2014
27.8664,190.5849616,0.49,ahn2014
27.885,189.2784906,0.115,ahn2014
27.9271,188.986349,0.395,ahn2014
27.9732,189.2867873,0.315,ahn2014
28.0973,189.9575797,0.635,ahn2014
28.2141,191.8161376,0.28,ahn2014
28.2716,191.5941938,0.32,ahn2014
28.3697,192.6338987,1.665,ahn2014
28.4139,189.1567444,0.24,ahn2014
28.4269,189.6458702,0.56,ahn2014
28.5774,193.1001042,0.055,ahn2014
28.6264,192.8154243,0.155,ahn2014
28.7243,193.8025076,0.2,ahn2014
28.8419,193.8897968,0.34,ahn2014
28.9027,192.6875899,0.535,ahn2014
28.9486,193.2594033,0.73,ahn2014
29.0089,192.8724797,0.49,ahn2014
29.1507,192.2643386,0.165,ahn2014
29.2053,188.096683,0.035,ahn2014
29.2496,192.3914167,0.970944901,ahn2014
29.3239,191.0119519,0.89,ahn2014
29.3661,189.8287064,0.305,ahn2014
29.4102,189.2132558,0.660782365,ahn2014
29.6092,189.2425185,0.04,ahn2014
29.6812,189.7728047,0.245,ahn2014
29.7428,191.284412,0.265,ahn2014
29.8378,190.9669245,0.16,ahn2014
29.9521,191.3754967,1.225,ahn2014
29.999,191.567341,0.225,ahn2014
30.1015,188.2467784,0.59,ahn2014
30.1817,188.4753165,0.62,ahn2014
30.2779,186.5173877,0.08,ahn2014
30.3127,185.9886464,0.6,ahn2014
30.4005,184.2981804,0.3,ahn2014
30.5288,182.9360816,0.435,ahn2014
30.713,187.1432812,0.2,ahn2014
30.7757,190.3322228,0.73,ahn2014
31.1052,187.9995635,0.055,ahn2014
31.3564,188.4753253,0.78,ahn2014
31.5241,189.946865,0.36,ahn2014
31.7921,193.7128385,1.225,ahn2014
31.8184,192.927643,1.125,ahn2014
31.9339,192.5071548,0.105,ahn2014
32.0269,193.3257604,0.43,ahn2014
32.0796,193.9050276,1.12,ahn2014
32.1475,196.4166559,0.49,ahn2014
32.1506,196.908055,1.305,ahn2014
32.3079,192.4651878,1.936098597,ahn2014
32.3612,195.2472448,0.275,ahn2014
32.4348,194.1104295,0.525,ahn2014
32.5111,194.6068297,0.37,ahn2014
32.5946,194.4295743,0.41,ahn2014
32.6778,195.080127,0.285,ahn2014
32.7141,195.9386128,0.26,ahn2014
32.8131,199.3023192,2.555,ahn2014
32.8809,196.701816,0.805,ahn2014
33.009,196.3260964,0.46,ahn2014
33.1483,197.6460048,0.215,ahn2014
33.4175,196.8962289,0.54,ahn2014
33.4914,197.1252633,0.41,ahn2014
33.5553,197.7997564,0.275,ahn2014
33.7581,200.0310664,0.685,ahn2014
33.841,195.6271483,0.745,ahn2014
33.8857,195.2662324,0.453737565,ahn2014
33.9075,194.4606041,0.665,ahn2014
33.9259,194.4702732,0.035,ahn2014
33.957,196.47192,0.445,ahn2014
33.9915,195.4109157,0.325,ahn2014
34.0642,195.9317588,1.015,ahn2014
34.1903,194.8874767,0.616504483,ahn2014
34.2508,195.7913335,0.76,ahn2014
34.3128,196.2666133,0.24,ahn2014
34.3344,196.201852,0.325,ahn2014
34.5569,199.6474819,0.74,ahn2014
34.6026,199.4889296,0.64,ahn2014
34.62,200.2924224,0.43,ahn2014
34.6478,198.8917124,0.98,ahn2014
34.7106,197.1613049,1.195,ahn2014
34.8256,202.795647,0.03,ahn2014
34.8668,203.0917776,0.48,ahn2014
35.0896,198.7828308,0.575,ahn2014
35.1658,203.6005086,0.36,ahn2014
35.2817,205.3761847,0.1,ahn2014
35.337,204.4670621,1.22,ahn2014
35.3594,203.6185257,0.87,ahn2014
35.383,201.3576929,0.255,ahn2014
35.4458,200.2987555,0.805,ahn2014
35.4971,201.0630555,1.005,ahn2014
35.5085,202.0412667,0.9,ahn2014
35.5307,201.8866004,0.65,ahn2014
35.568,201.8276294,0.99,ahn2014
35.6725,201.8131026,0.245,ahn2014
35.7016,200.5019756,0.63,ahn2014
35.8546,203.2886587,1.07,ahn2014
35.9483,198.7999445,0.365,ahn2014
36.0865,204.1230145,1.32,ahn2014
36.1731,201.7797825,0.23,ahn2014
36.2618,200.0916462,0.625,ahn2014
36.5063,198.9617645,0.95,ahn2014
36.5918,205.1023926,1.135,ahn2014
36.6696,203.7695176,0.16,ahn2014
36.7128,203.7543231,0.01,ahn2014
36.8202,202.7603346,1.155,ahn2014
36.9398,203.5143458,0.23,ahn2014
37.0234,206.3568576,1.125,ahn2014
37.1186,210.1571748,0.892095187,ahn2014
37.1432,207.3458468,0.16,ahn2014
37.2965,208.2519091,0.95,ahn2014
37.302,209.6563918,0.586174036,ahn2014
37.3381,206.586571,0.12,ahn2014
37.431,212.5055287,1.47,ahn2014
37.4613,209.8366778,0.535,ahn2014
37.6186,214.295899,0.398427464,ahn2014
37.6475,212.135906,0.715,ahn2014
37.7772,212.0924136,1.616417025,ahn2014
37.895,214.2064208,1.09,ahn2014
38.0003,211.2134252,0.68,ahn2014
38.0885,214.3603926,1.485,ahn2014
38.1656,208.3350597,0.585,ahn2014
38.1924,206.5229252,0.45,ahn2014
38.2842,207.411157,0.17,ahn2014
38.3592,207.9997797,0.67,ahn2014
38.4128,210.7947524,0.64,ahn2014
38.4729,207.2301826,0.04,ahn2014
38.5332,210.0786906,0.404571103,ahn2014
38.5736,208.2332726,1.985,ahn2014
38.6218,204.7919056,0.46,ahn2014
38.6708,204.4555539,0.742870278,ahn2014
38.7234,206.543994,0.305341339,ahn2014
38.8126,206.0857876,0.256406795,ahn2014
38.8747,205.6509899,0.02,ahn2014
38.9556,205.9880896,1.312762143,ahn2014
38.9768,202.3448524,1.415,ahn2014
39.0536,204.2829889,0.675,ahn2014
39.1205,207.3235852,0.2,ahn2014
39.2657,208.6850913,1.695,ahn2014
39.3032,209.4956419,0.47,ahn2014
39.3199,209.3264563,0.485,ahn2014
39.3398,207.8680804,0.785,ahn2014
39.3794,204.7773758,1.061114508,ahn2014
39.4029,191.5315634,0.905,ahn2014
39.4544,198.1385036,1.031527993,ahn2014
39.5154,200.4029739,1.365,ahn2014
39.621,195.7015925,2.077983798,ahn2014
39.7092,196.6742707,1.06,ahn2014
39.7571,193.5813542,1.155,ahn2014
39.885,193.8730989,0.200333056,ahn2014
39.9005,197.5525073,0.670256999,ahn2014
40.0427,192.5956556,2.213300703,ahn2014
40.1121,193.0813143,0.445,ahn2014
40.1453,193.6903119,0.415,ahn2014
40.3084,197.904549,1.39307259,bereiter2012
40.48594648,201.322686,1.372481383,bereiter2012
40.55344,201.4844525,1.089240364,bereiter2012
40.7543,200.4661596,0.744156201,bereiter2012
40.9073886,200.966198,1.920354582,bereiter2012
41.16790404,201.5320304,1.879866406,bereiter2012
41.3035942,204.1853976,1.54499158,bereiter2012
41.6059736,205.4900664,0.987266642,bereiter2012
41.7592075,201.124349,1.002119947,bereiter2012
41.9006868,199.8905658,1.363585049,bereiter2012
42.3158175,200.8960917,1.243334774,bereiter2012
42.6283001,204.8267435,0.19154571,bereiter2012
42.849867,206.3541547,1.069840976,bereiter2012
42.9680782,204.2604784,0.759474965,bereiter2012
43.171885,203.1620719,1.42589144,bereiter2012
43.3506625,201.664624,1.813438534,bereiter2012
43.51582055,204.2219504,0.861603836,bereiter2012
43.66115755,203.1809191,1.051769711,bereiter2012
43.80901,201.6896729,1.131312331,bereiter2012
44.09519615,204.3059191,0.921897787,bereiter2012
44.2044464,201.9967901,0.521811124,bereiter2012
44.350465,206.2215635,1.859296374,bereiter2012
44.4905025,204.8261548,1.322109673,bereiter2012
44.655535,212.2853728,0.846606867,bereiter2012
44.8160105,210.4383494,0.561588533,bereiter2012
44.996157,211.4870757,0.349330186,bereiter2012
45.142015,207.9533487,0.707327847,bereiter2012
45.2803875,213.9182294,0.816926217,bereiter2012
45.4603224,214.5013713,0.808829781,bereiter2012
45.696055,217.5118697,2.157603814,bereiter2012
45.87710855,222.7174679,0.328685663,bereiter2012
46.0573338,221.7721745,1.736490269,bereiter2012
46.181255,219.2468729,1.194693904,bereiter2012
46.3085475,218.3488824,1.449601937,bereiter2012
46.635902,216.4166322,1.436574185,bereiter2012
46.7464378,214.1828462,0.987107882,bereiter2012
46.887935,210.8376323,1.500661035,bereiter2012
47.086275,210.2720271,0.532235895,bereiter2012
47.3149762,207.5966069,1.200587191,bereiter2012
47.5243569,204.2599351,0.975694668,bereiter2012
47.71039,203.7878949,0.386623435,bereiter2012
47.9437511,205.6596509,0.971897897,bereiter2012
48.22318175,206.182083,2.04721796,bereiter2012
48.42786,200.9751439,0.564485567,bereiter2012
48.98795265,201.5786292,0.880330469,bereiter2012
49.3029804,200.1200432,0.403025628,bereiter2012
49.46265525,204.0580379,1.221002185,bereiter2012
49.728315,203.8713291,1.25923352,bereiter2012
50.00651,204.3767601,1.649325509,bereiter2012
50.2205469,206.7440269,0.475507457,bereiter2012
50.52741475,207.4099903,0.459072292,bereiter2012
51.0291701,207.6364359,0.910046631,bereiter2012
51.4314466,211.5708471,0.392047134,bereiter2012
51.77953,215.0771298,1.772271182,bereiter2012
52.08681985,213.8178172,0.732516462,bereiter2012
52.3847809,219.082541,0.275171352,bereiter2012
52.573676,220.7236107,0.356166313,bereiter2012
52.8007425,221.147906,1.091793414,bereiter2012
53.1082525,223.717214,1.678895287,bereiter2012
53.40045315,223.2619903,0.887138566,bereiter2012
53.80625205,221.1379091,1.490403267,bereiter2012
54.1566032,220.3743648,0.851119026,bereiter2012
54.387125,217.9567383,1.837334958,bereiter2012
54.6946125,213.8870139,1.137535889,bereiter2012
55.01448765,216.8579027,0.612971048,bereiter2012
55.29345915,208.1935057,0.715625749,bereiter2012
55.55313,214.776644,0.545485299,bereiter2012
55.9095374,210.2748745,1.234413751,bereiter2012
56.2371294,207.6741131,0.811906885,bereiter2012
56.5035825,212.4366913,0.674928596,bereiter2012
57.21094265,215.696527,0.626509111,bereiter2012
57.476265,217.3763244,2.487305255,bereiter2012
57.8437247,223.7182925,0.490766644,bereiter2012
58.2170123,224.3533977,0.800583054,bereiter2012
58.43332,223.1485504,1.224664634,bereiter2012
59.10506915,231.2935761,0.147316696,bereiter2012
59.380405,226.3532918,1.371892381,bereiter2012
59.73346935,223.4548161,0.696013671,bereiter2012
60.10988307,216.6606808,0.837577835,bereiter2012
60.37305923,212.8709103,0.709019392,bereiter2012
60.5166315,217.2531323,0.600797735,bereiter2012
60.81761723,213.7789541,1.38394321,bereiter2012
61.06087747,207.9542585,1.25943336,bereiter2012
61.23484403,210.5677071,1.010183663,bereiter2012
61.5541108,210.9034029,0.700888704,bereiter2012
61.9007233,206.3768852,1.197141745,bereiter2012
62.55200602,202.5567478,0.945068177,bereiter2012
62.77457333,202.7086782,2.335114616,bereiter2012
62.96089567,200.1481332,0.646912628,bereiter2012
63.55579267,197.4034359,1.220084715,bereiter2012
63.89687993,197.2423664,0.781138207,bereiter2012
64.11377897,199.7280299,1.311014684,bereiter2012
64.65729413,203.6954667,0.506297298,bereiter2012
64.8674226,201.6702794,1.187456356,bereiter2012
65.04672067,199.1708057,0.658774054,bereiter2012
65.5464465,208.9757824,3.338213853,bereiter2012
65.7645127,198.1736043,0.742376344,bereiter2012
65.93723267,200.5910835,1.459636001,bereiter2012
66.4393055,204.3859977,2.87448089,bereiter2012
66.95971067,207.2052246,1.686776972,bereiter2012
67.3145875,201.1418996,2.002321175,bereiter2012
67.7296785,203.7588046,1.059986006,bereiter2012
68.1461885,200.1704381,1.617501537,bereiter2012
68.61999347,203.4254725,0.569267306,bereiter2012
69.0815285,205.4203591,0.893064402,bereiter2012
69.59201713,211.2583878,1.127272819,bereiter2012
70.0521648,215.5508132,1.775314861,bereiter2012
70.42726267,220.3266112,0.547643884,bereiter2012
70.92887217,225.1721591,1.378896104,bereiter2012
71.27916903,235.0157701,1.239035285,bereiter2012
71.69365023,237.5634446,0.754523284,bereiter2012
72.09281487,239.4563537,0.883743187,bereiter2012
72.49015,232.7908655,0.93627969,bereiter2012
72.86604367,232.3347611,0.966935232,bereiter2012
73.21931633,230.8909584,2.090306419,bereiter2012
73.75095567,232.7350796,0.93522115,bereiter2012
74.22148233,231.3339802,0.700267566,bereiter2012
74.525645,241.2403946,0.982338886,bereiter2012
75.0679515,243.2700059,1.623408293,bereiter2012
75.54513367,249.5236775,0.739188557,bereiter2012
75.8506505,249.9395724,0.631260834,bereiter2012
76.24747217,239.3414054,1.124654064,bereiter2012
76.696736,238.0131729,1.980602708,bereiter2012
77.0564805,231.6834444,1.542526073,bereiter2012
77.615915,224.9179538,1.297110977,bereiter2012
78.080753,226.6471708,0.840985628,bereiter2012
78.50795,224.1427524,0.647595788,bereiter2012
78.96954013,227.2993455,0.559477406,bereiter2012
79.410363,229.255335,1.344005655,bereiter2012
79.877758,234.7426829,0.724391905,bereiter2012
80.3303625,230.6005848,0.618883608,bereiter2012
80.7217855,233.9230178,1.45576399,bereiter2012
81.2069425,230.32954,0.795693913,bereiter2012
81.711431,234.1341644,1.169003155,bereiter2012
82.0687905,238.8889658,0.937958852,bereiter2012
82.5267192,240.8729549,1.639008786,bereiter2012
82.988261,246.3224641,0.697968522,bereiter2012
83.55411217,247.1003682,0.996362887,bereiter2012
83.9409,250.7874532,0.795549534,bereiter2012
84.3574385,243.1607277,0.75886854,bereiter2012
84.936769,238.4231035,1.098171453,bereiter2012
85.36746933,234.6861033,0.60265585,bereiter2012
85.89069383,228.763042,1.570216415,bereiter2012
86.49832453,223.3774166,0.724827348,bereiter2012
87.027636,221.0556106,2.319218943,bereiter2012
87.58118,223.629744,0.925552877,bereiter2012
88.13618,217.800963,1.570896059,bereiter2012
88.7010496,223.9894141,0.503766447,bereiter2012
89.244716,227.3783735,1.099460098,bereiter2012
89.69625753,228.8783456,0.582713908,bereiter2012
90.317294,229.7373815,1.293247086,bereiter2012
90.834015,231.5586505,0.565779645,bereiter2012
91.44503067,231.1207564,0.57463369,bereiter2012
91.949738,233.7418403,1.111643901,bereiter2012
92.6678175,232.4556887,2.220579734,bereiter2012
93.4247096,235.1600042,0.825646178,bereiter2012
93.82321367,238.2070953,0.774278503,bereiter2012
94.56854833,242.4063602,0.533658388,bereiter2012
95.234114,242.9141172,1.068042944,bereiter2012
95.92148317,246.1964653,1.542984027,bereiter2012
96.47488033,245.7647295,0.596831985,bereiter2012
97.270891,242.354066,2.035617106,bereiter2012
97.9274645,239.8585,0.449020248,bereiter2012
98.583724,243.1798878,0.232982989,bereiter2012
99.36142233,242.9897129,1.006816047,bereiter2012
100.0768497,245.6255779,1.069157606,bereiter2012
100.5431783,247.8721131,1.097890436,bereiter2012
101.325675,244.7624246,1.128995372,bereiter2012
101.971885,240.0715355,0.939917882,bereiter2012
102.7647767,237.0732756,1.75374609,bereiter2012
103.30874,240.6840721,0.93706222,bereiter2012
104.2743333,247.7616293,0.830223405,bereiter2012
104.3312291,238.88,1.55,schneider2013
104.9664455,242.36,2.64962963,schneider2013
105.5071485,248.78,9.96,schneider2013
105.9898727,257.58,4.2,schneider2013
106.2563758,241.4,2.64962963,schneider2013
106.3682545,244.83,3.05,schneider2013
106.9748182,240.34,2.64962963,schneider2013
108.4019091,236.43,2.64962963,schneider2013
109.1294182,244.44,1.58,schneider2013
109.8399697,244.13,2.64962963,schneider2013
110.5553636,246.69,2.64962963,schneider2013
111.8768,257.93,2.94,schneider2013
112.6360606,256.79,2.64962963,schneider2013
112.9417273,263.12,2.64962963,schneider2013
113.1192697,264.75,3.64,schneider2013
113.6786364,260.58,2.64962963,schneider2013
114.25,267.9,2.64962963,schneider2013
114.8153939,275.07,2.64962963,schneider2013
115.4466727,276.96,1.63,schneider2013
115.9085758,273.16,2.64962963,schneider2013
116.4755758,273.63,2.64962963,schneider2013
117.1855545,274.03,2.64962963,schneider2013
117.6193636,274.98,4.03,schneider2013
118.6582697,277.72,2.64962963,schneider2013
119.2425152,267.74,2.64962963,schneider2013
119.7155,274.59,1.3,schneider2013
120.1441212,268.73,2.64962963,schneider2013
120.5429091,276.82,2.64962963,schneider2013
121.4260152,279.48,2.26,schneider2013
121.8419697,276.61,2.64962963,schneider2013
122.1000018,278.25,3.4,schneider2013
122.2923636,279,2.64962963,schneider2013
123.0139545,279.16,2.64962963,schneider2013
123.6309091,274.6,6.56,schneider2013
123.9594848,275.87,2.64962963,schneider2013
124.4045152,281.54,2.64962963,schneider2013
124.8174545,275.52,2.64962963,schneider2013
125.2926333,276.81,2.78,schneider2013
126.013703,275.15,2.64962963,schneider2013
126.6999091,273.02,2.64962963,schneider2013
126.9620303,274.93,2.64962963,schneider2013
127.3138303,275.78,2.64962963,schneider2013
127.5035497,276.88,3.83,schneider2013
128.0244764,276.03,0.28,schneider2013
128.1726667,280.72,2.64962963,schneider2013
128.4667273,285.76,2.64962963,schneider2013
128.878,271.08,2.64962963,schneider2013
129.0780364,268.44,1.92,schneider2013
129.6556364,260.61,3.45,schneider2013
130.3730303,251.84,2.64962963,schneider2013
130.8183636,250.84,2.64962963,schneider2013
131.3222,241.13,1.89,schneider2013
131.9762424,232.28,2.64962963,schneider2013
132.7098788,228,2.64962963,schneider2013
132.9319576,224.63,2.64962963,schneider2013
133.7758061,222.74,2.64962963,schneider2013
134.5222788,212.43,2.64962963,schneider2013
136.5655455,203.74,0.79,schneider2013
137.7634242,199.18,2.64962963,schneider2013
138.834297,198.55,1.08,schneider2013
139.9499697,192.75,0.19,schneider2013
142.3605618,196.51,0.95,schneider2013
143.6513,194.59,2.64962963,schneider2013
144.7995909,196.02,2.64962963,schneider2013
146.1082436,193.59,0.64,schneider2013
148.2334655,195.81,4.05,schneider2013
149.4661455,201.78,2.64962963,schneider2013
150.5948848,202.51,2.64962963,schneider2013
151.4448545,202.35,1.86,schneider2013
153.7746576,198.78,1.73,schneider2013
154.8891273,196.3,2.64962963,schneider2013
156.3068182,189.38,2.64962963,schneider2013
158.666,189,3,petit1999
159.716,185.5,3,petit1999
160.155,187.5,3,petit1999
163.858,204.3,3,petit1999
164.33465,196.5,3,petit1999
166.143,191.6,3,petit1999
166.784,190.1,3,petit1999
167.9141,186.7,3,petit1999
168.7455,183.8,3,petit1999
169.5144,196.6,3,petit1999
171.939,197.8,3,petit1999
174.442,197.7,3,petit1999
175.83335,196,3,petit1999
176.853,190.3,3,petit1999
177.533925,189.4,3,petit1999
177.7295,190.1,3,petit1999
179.873,207.7,3,petit1999
181.302,213.2,3,petit1999
182.196,217.7,3,petit1999
183.258,198.1,3,petit1999
184.371,199.7,3,petit1999
186.411,203.4,3,petit1999
188.437,210.7,3,petit1999
189.8065,231.3,3,petit1999
191.2545,231.4,3,petit1999
191.964075,220.3,3,petit1999
193.0745,218,3,petit1999
195.1265,226.5,3,petit1999
195.7995,220,3,petit1999
197.58735,226.4,3,petit1999
198.32745,241.2,3,petit1999
198.938,242.6,3,petit1999
201.752,250.9,3,petit1999
202.7445,239.1,3,petit1999
203.842,247.6,3,petit1999
205.203275,244.4,3,petit1999
205.575755,231.9,3,petit1999
205.944575,232.2,3,petit1999
206.359935,228.6,3,petit1999
206.89685,226.3,3,petit1999
207.2403,229.4,3,petit1999
207.62289,231.4,3,petit1999
208.108775,238.1,3,petit1999
208.274525,237.2,3,petit1999
208.82157,230,3,petit1999
209.082255,240.5,3,petit1999
209.44504,242.2,3,petit1999
209.966085,244.6,3,petit1999
210.17517,243.9,3,petit1999
210.832065,247.2,3,petit1999
211.058465,252,3,petit1999
211.577835,246.9,3,petit1999
212.078745,239.5,3,petit1999
212.533075,257.4,3,petit1999
213.33035,243.4,3,petit1999
214.15881,251.2,3,petit1999
215.080745,241.4,3,petit1999
215.91234,240.3,3,petit1999
216.30615,242.6,3,petit1999
216.864965,247.5,3,petit1999
217.415635,251.7,3,petit1999
217.69496,251.1,3,petit1999
218.200785,245.3,3,petit1999
219.067605,240.5,3,petit1999
220.935615,214.1,3,petit1999
221.69746,216.1,3,petit1999
222.539575,207.1,3,petit1999
223.129035,208.8,3,petit1999
224.271505,205.6,3,petit1999
226.259825,203.3,3,petit1999
226.849835,215.7,3,petit1999
227.719975,235.5,3,petit1999
228.439415,234.5,3,petit1999
228.76699,233.1,3,petit1999
229.572045,224.5,3,petit1999
231.12966,232.4,3,petit1999
232.19177,233.9,3,petit1999
232.85606,241.6,3,petit1999
235.990855,245.2,3,petit1999
236.426005,252.1,3,petit1999
236.8508,241.4,3,petit1999
237.391655,247.4,3,petit1999
237.90553,243.1,3,petit1999
238.425335,239.1,3,petit1999
239.00826,245.6,3,petit1999
239.387035,245.8,3,petit1999
239.73866,247.4,3,petit1999
240.190365,252.8,3,petit1999
241.333045,259.7,3,petit1999
241.8554,263.2,3,petit1999
242.68546,279,3,petit1999
243.13852,280.2,3,petit1999
244.121765,263.7,3,petit1999
244.582335,252.3,3,petit1999
245.05701,249.9,3,petit1999
245.564,236.7,3,petit1999
246.18881,230.4,3,petit1999
246.870485,219.4,3,petit1999
249.09987,214.7,3,petit1999
251.39057,200.2,3,petit1999
252.132255,213.9,3,petit1999
252.95372,195.4,3,petit1999
253.75668,196.7,3,petit1999
254.587105,195.4,3,petit1999
256.29866,199,3,petit1999
257.060585,201.9,3,petit1999
257.908065,204,3,petit1999
259.396895,203.9,3,petit1999
260.89424,209.6,3,petit1999
261.29392,205.7,3,petit1999
262.054575,208.9,3,petit1999
262.817095,214.6,3,petit1999
264.58376,228.1,3,petit1999
266.13445,199.9,3,petit1999
267.007,211.7,3,petit1999
268.25783,188.7,3,petit1999
268.9955,187.2,3,petit1999
269.94047,194.2,3,petit1999
271.036035,198.8,3,petit1999
272.14964,184.7,3,petit1999
273.16583,190.4,3,petit1999
274.164075,193.9,3,petit1999
275.154635,194.1,3,petit1999
276.257715,198.4,3,petit1999
277.443,193.2,3,petit1999
278.590905,202.2,3,petit1999
279.619045,204.5,3,petit1999
280.55895,211,3,petit1999
281.40074,215.3,3,petit1999
282.59289,223.7,3,petit1999
284.43468,231.3,3,petit1999
285.93132,228,3,petit1999
286.609955,226.4,3,petit1999
287.44386,231.4,3,petit1999
287.82005,230.4,3,petit1999
288.286425,231,3,petit1999
290.1845,234.9,3,petit1999
290.86379,220.4,3,petit1999
291.56287,217.1,3,petit1999
292.81831,207.6,3,petit1999
293.65074,206,3,petit1999
294.45529,206.7,3,petit1999
295.364225,212.7,3,petit1999
296.828865,213.1,3,petit1999
298.704615,217.1,3,petit1999
299.37628,224.4,3,petit1999
300.115865,231,3,petit1999
301.025615,236.1,3,petit1999
302.08419,239,3,petit1999
303.116,236,3,petit1999
304.10092,240.2,3,petit1999
305.09981,240.7,3,petit1999
305.77815,250.2,3,petit1999
306.581115,248.6,3,petit1999
307.463265,244.8,3,petit1999
308.3257,225.8,3,petit1999
309.42373,227.8,3,petit1999
310.010975,226.2,3,petit1999
310.7761,233.2,3,petit1999
311.670025,237.8,3,petit1999
312.59343,239,3,petit1999
313.343125,241.9,3,petit1999
314.05185,251.6,3,petit1999
314.83621,256.7,3,petit1999
315.657515,257.1,3,petit1999
316.45072,246.8,3,petit1999
317.14987,272.6,3,petit1999
317.932545,251.6,3,petit1999
318.852595,245.2,3,petit1999
319.82966,233.4,3,petit1999
320.916335,255.8,3,petit1999
321.817445,249.2,3,petit1999
323.383345,257.2,3,petit1999
324.166915,260.4,3,petit1999
325.007405,260.3,3,petit1999
325.823,260.5,3,petit1999
326.59109,266.2,3,petit1999
327.435835,264,3,petit1999
328.08681,266.1,3,petit1999
328.77075,270.1,3,petit1999
329.41429,271.9,3,petit1999
330.053325,275.1,3,petit1999
331.29355,265,3,petit1999
332.144115,271.7,3,petit1999
332.79862,272.6,3,petit1999
333.50009,273.1,3,petit1999
333.997555,282.4,3,petit1999
334.349495,289.1,3,petit1999
334.543885,288.4,3,petit1999
335.102305,298.6,3,petit1999
335.70751,278.1,3,petit1999
336.37754,285.8,3,petit1999
336.86782,278.6,3,petit1999
337.51667,270.5,3,petit1999
338.2135,255.7,3,petit1999
338.991435,241.9,3,petit1999
339.98389,239.6,3,petit1999
340.73508,234.2,3,petit1999
342.79156,250.1,3,petit1999
343.923585,200.7,3,petit1999
345.00085,205.2,3,petit1999
346.320905,204.8,3,petit1999
347.544805,211.9,3,petit1999
349.139085,220.3,3,petit1999
351.676345,221.1,3,petit1999
353.174595,216.2,3,petit1999
354.412975,209.4,3,petit1999
355.81777,209.2,3,petit1999
359.01038,193,3,petit1999
360.68384,186.1,3,petit1999
362.5676,185.8,3,petit1999
365.19023,201.2,3,petit1999
368.0659,206.3,3,petit1999
371.38587,201.9,3,petit1999
373.457615,199.9,3,petit1999
375.2046,214.7,3,petit1999
377.03488,224.6,3,petit1999
378.76024,229.6,3,petit1999
382.931485,227,3,petit1999
384.557445,240,3,petit1999
386.28371,239.1,3,petit1999
387.824815,246.8,3,petit1999
389.410205,245.8,3,petit1999
392.28725,258.1,3,petit1999
392.9771515,259.5,3,siegenthaler2005
394.0036909,273.6,3,siegenthaler2005
394.906103,260.7,3,siegenthaler2005
398.2751273,276.3,3,siegenthaler2005
399.9261636,277.1,3,siegenthaler2005
400.7100848,283.2,3,siegenthaler2005
402.1409152,283.1,3,siegenthaler2005
402.8598364,275.7,3,siegenthaler2005
404.313297,276.5,3,siegenthaler2005
405.0626303,280.5,3,siegenthaler2005
406.5428,279.6,3,siegenthaler2005
407.282497,285.6,3,siegenthaler2005
408.8187152,284.5,3,siegenthaler2005
409.5982364,274.7,3,siegenthaler2005
410.4538,282.6,3,siegenthaler2005
411.3479697,283.5,3,siegenthaler2005
413.2586545,274.9,3,siegenthaler2005
414.2108606,264.9,3,siegenthaler2005
415.1795939,271.6,3,siegenthaler2005
415.9456061,276.4,1.6,siegenthaler2005
416.4253152,271.7,1.2,siegenthaler2005
417.4404424,273.4,1.5,siegenthaler2005
417.9567818,271.8,1.7,siegenthaler2005
418.505303,274.6,1.8,siegenthaler2005
419.5757818,273.7,0.8,siegenthaler2005
420.1337636,271.2,1.5,siegenthaler2005
420.7017636,273.8,1.6,siegenthaler2005
421.9121455,268.6,1.4,siegenthaler2005
422.5326545,266.4,1.8,siegenthaler2005
423.225497,270.6,1.1,siegenthaler2005
424.5077455,267.7,2.9,siegenthaler2005
425.1322606,268.3,1.9,siegenthaler2005
425.7409091,270.8,1.1,siegenthaler2005
426.2372727,270,2.5,siegenthaler2005
426.6215636,265.4,2,siegenthaler2005
427.1549636,255.3,1.3,siegenthaler2005
427.9414,252.1,0.7,siegenthaler2005
428.8402,248.2,0.9,siegenthaler2005
429.1783636,242.5,1.5,siegenthaler2005
431.0237636,219.7,1.7,siegenthaler2005
432.1793091,227.2,2.2,siegenthaler2005
433.850297,211.5,1.7,siegenthaler2005
434.3790727,207.6,1.3,siegenthaler2005
435.9396909,209.8,1.6,siegenthaler2005
437.4854182,207.5,1.3,siegenthaler2005
439.0634182,200.3,1.6,siegenthaler2005
440.6595818,201.7,1.6,siegenthaler2005
442.2307758,201.3,1.1,siegenthaler2005
443.8446485,202,1.5,siegenthaler2005
445.3317273,199.1,1.1,siegenthaler2005
447.2191818,201.1,0.9,siegenthaler2005
448.4591818,203.5,0.6,siegenthaler2005
449.5710364,208.1,1.8,siegenthaler2005
450.6428909,201.7,1.7,siegenthaler2005
451.7472788,201.2,2.1,siegenthaler2005
452.7358364,204.9,1.4,siegenthaler2005
453.7756424,201.9,1.8,siegenthaler2005
454.8643091,198.4,1.3,siegenthaler2005
456.0016121,193.3,1.6,siegenthaler2005
457.1144364,192.5,1,siegenthaler2005
457.7451273,199.1,0.6,siegenthaler2005
458.2082909,204.3,1,siegenthaler2005
458.7940061,203.3,1,siegenthaler2005
459.2115515,208.3,1.4,siegenthaler2005
460.2522121,202.4,1.3,siegenthaler2005
461.2860606,195.5,0.8,siegenthaler2005
462.414103,190.7,1.9,siegenthaler2005
463.5266485,194.4,0.7,siegenthaler2005
464.5994727,199.9,2.6,siegenthaler2005
465.2653636,205.2,0.9,siegenthaler2005
465.6017273,210,0.7,siegenthaler2005
466.632297,208.1,2.2,siegenthaler2005
467.7066424,204.4,1.9,siegenthaler2005
468.8777091,203.4,1.2,siegenthaler2005
470.0401273,205.5,0.9,siegenthaler2005
470.7259758,206.5,0.9,siegenthaler2005
471.2007939,215.5,2.3,siegenthaler2005
471.8245333,218.7,0.9,siegenthaler2005
472.2630667,229.2,1.4,siegenthaler2005
472.8632727,232.7,0.7,siegenthaler2005
473.2178182,243.7,1.8,siegenthaler2005
473.8008485,243.9,1.1,siegenthaler2005
474.0923636,245.6,0.9,siegenthaler2005
474.9741091,241.2,1.7,siegenthaler2005
475.9252,233.1,0.6,siegenthaler2005
476.9498,232.8,1.1,siegenthaler2005
477.941,236.6,1,siegenthaler2005
478.8924606,239.1,0.9,siegenthaler2005
479.4029515,236.5,1.2,siegenthaler2005
479.7756909,231.3,1,siegenthaler2005
480.328297,220.8,0.7,siegenthaler2005
480.7266848,218.8,2.3,siegenthaler2005
481.6629636,223.8,1.4,siegenthaler2005
482.5809636,223.4,1.7,siegenthaler2005
483.3953818,227.3,1.3,siegenthaler2005
484.1797879,231.4,1.1,siegenthaler2005
484.9361818,231.4,1.3,siegenthaler2005
485.6675212,231.2,1.2,siegenthaler2005
486.3986727,233,1.4,siegenthaler2005
487.1292545,232.9,1.2,siegenthaler2005
487.8480667,231.3,1.2,siegenthaler2005
488.5654545,237.1,1.8,siegenthaler2005
489.3020909,242,0.2,siegenthaler2005
489.7197939,240.9,0.4,siegenthaler2005
490.0262909,252.8,2.5,siegenthaler2005
490.4949091,249.3,2.7,siegenthaler2005
490.7339515,242.6,0.6,siegenthaler2005
491.4510788,243.3,1.3,siegenthaler2005
492.1545455,246.7,1.6,siegenthaler2005
492.8637758,243.7,1.4,siegenthaler2005
493.5931091,239.7,1.9,siegenthaler2005
494.3003939,239.1,1.2,siegenthaler2005
495.0241273,238.3,2,siegenthaler2005
495.7256909,238.5,1.4,siegenthaler2005
496.4440667,237.6,1.6,siegenthaler2005
497.1876303,236.4,2.1,siegenthaler2005
497.9659758,236.5,1.7,siegenthaler2005
498.7374182,232.8,0.8,siegenthaler2005
499.5267818,230.6,0.5,siegenthaler2005
500.3047818,230.8,1,siegenthaler2005
501.0839636,228.2,1.7,siegenthaler2005
501.8614242,230.8,1.4,siegenthaler2005
502.6376364,231.2,0.8,siegenthaler2005
503.4189273,232,1.6,siegenthaler2005
504.1771879,232.2,1.4,siegenthaler2005
504.9117818,234.1,0.8,siegenthaler2005
505.6842424,233.9,1.1,siegenthaler2005
506.4837333,235.5,1.8,siegenthaler2005
507.3124,236,2.1,siegenthaler2005
508.1177212,238.2,0.9,siegenthaler2005
508.9409818,237,0.8,siegenthaler2005
509.7849818,240.3,0.7,siegenthaler2005
510.6523273,233.4,1,siegenthaler2005
511.5124485,236.4,1.4,siegenthaler2005
512.3637818,235.2,0.5,siegenthaler2005
513.2047394,242,0.8,siegenthaler2005
514.0331152,238.2,1,siegenthaler2005
514.8477818,239.2,1.2,siegenthaler2005
515.6507758,241.5,1.3,siegenthaler2005
516.4209818,243,0.5,siegenthaler2005
517.1549818,247.2,2.2,siegenthaler2005
517.8760121,246.2,2.6,siegenthaler2005
518.6004606,245.5,1.1,siegenthaler2005
519.3291273,245.3,1.3,siegenthaler2005
520.0733576,247.7,1.4,siegenthaler2005
520.8218061,245.5,0.8,siegenthaler2005
521.5744727,243.5,0.7,siegenthaler2005
523.8018242,241.9,1.4,siegenthaler2005
524.5708667,236.8,0.8,siegenthaler2005
525.337,235.8,1.2,siegenthaler2005
526.107,233.7,0.7,siegenthaler2005
526.8958061,230.3,0.8,siegenthaler2005
527.6986909,227.8,0.6,siegenthaler2005
528.5166909,224.7,1.9,siegenthaler2005
529.4034303,222.7,1,siegenthaler2005
530.2905091,221.2,1.2,siegenthaler2005
531.2013818,220.3,0.5,siegenthaler2005
532.0787576,220.7,0.9,siegenthaler2005
532.5925273,214.5,0.5,siegenthaler2005
532.9875697,211.4,2.2,siegenthaler2005
533.5543697,204.4,0.6,siegenthaler2005
533.9322364,200,0.8,siegenthaler2005
534.6681818,195.1,0.7,siegenthaler2005
535.0435636,193.8,0.8,siegenthaler2005
535.6950545,190.5,1.7,siegenthaler2005
536.1784727,199.8,1.2,siegenthaler2005
537.3344727,199.4,0.8,siegenthaler2005
538.4407636,205,0.9,siegenthaler2005
539.5138182,206.4,0.7,siegenthaler2005
540.5838182,212.9,1.3,siegenthaler2005
541.6538182,211.2,0.7,siegenthaler2005
542.7402061,205,0.8,siegenthaler2005
543.8448727,203.6,1.2,siegenthaler2005
544.8859879,208.1,0.8,siegenthaler2005
545.8649091,210.3,1.6,siegenthaler2005
546.8301455,209.6,1.6,siegenthaler2005
547.8066788,209.7,0.8,siegenthaler2005
548.7707758,204.6,1.9,siegenthaler2005
549.7201091,202.5,1.6,siegenthaler2005
550.2307273,208.8,0.7,siegenthaler2005
550.5825455,213.6,0.9,siegenthaler2005
551.3810909,215.2,0.5,siegenthaler2005
552.1110909,219.9,0.5,siegenthaler2005
552.6815636,221.7,1.4,siegenthaler2005
553.0209212,222.3,0.9,siegenthaler2005
553.2459879,226.3,0.9,siegenthaler2005
553.6193939,222.1,1.1,siegenthaler2005
553.8086545,220.3,0.3,siegenthaler2005
554.4796182,223.6,1.1,siegenthaler2005
555.1583455,224.3,2.2,siegenthaler2005
555.8423455,226.7,1.2,siegenthaler2005
556.4070242,233.9,1.5,siegenthaler2005
556.9232909,241,1.4,siegenthaler2005
557.1986545,243,0.8,siegenthaler2005
557.3850545,249.1,2.1,siegenthaler2005
557.6571394,244,1.5,siegenthaler2005
557.8382061,250.5,0.8,siegenthaler2005
558.1545636,245.6,1.3,siegenthaler2005
558.3060182,240.4,0.9,siegenthaler2005
558.7776909,238.1,1.2,siegenthaler2005
559.3160061,234.5,1,siegenthaler2005
559.6367636,229.7,0.4,siegenthaler2005
559.8726182,230.2,0.7,siegenthaler2005
560.4366182,230.3,1.5,siegenthaler2005
560.9656,228.3,0.9,siegenthaler2005
561.4507394,231.6,1.2,siegenthaler2005
561.8880727,231.9,1.2,siegenthaler2005
562.3104909,234.6,1.5,siegenthaler2005
562.6556,234.1,0.9,siegenthaler2005
563.1348545,240.1,2.1,siegenthaler2005
563.5357394,242.3,0.5,siegenthaler2005
563.927897,245.7,1.8,siegenthaler2005
564.3105636,245.8,0.5,siegenthaler2005
564.7243576,247.6,1.5,siegenthaler2005
565.134297,251.4,1.7,siegenthaler2005
565.5389636,252.4,1.7,siegenthaler2005
565.8956424,252.6,1,siegenthaler2005
566.245303,251.4,0.7,siegenthaler2005
566.5886364,253.7,0.8,siegenthaler2005
566.9183515,254.3,1.6,siegenthaler2005
567.2394909,253.9,0.7,siegenthaler2005
567.5486545,254.5,1.6,siegenthaler2005
567.8848909,253.2,0.9,siegenthaler2005
568.2041394,253.9,1.2,siegenthaler2005
568.5342364,252.8,1.1,siegenthaler2005
568.9301455,253,0.6,siegenthaler2005
569.3145939,250.2,0.4,siegenthaler2005
569.6839273,251.3,1.3,siegenthaler2005
570.0672485,250,1.3,siegenthaler2005
570.4634606,251.3,1.3,siegenthaler2005
570.8621273,251.8,1.2,siegenthaler2005
571.2614424,251.8,1.3,siegenthaler2005
571.6333576,249.6,0.5,siegenthaler2005
571.9746909,251.6,1.7,siegenthaler2005
572.3155,250.3009962,1.036714131,siegenthaler2005
572.6698727,246.3095518,1.146308661,siegenthaler2005
573.0535167,247.6569725,0.680377299,siegenthaler2005
573.47575,249.1861814,1.083259495,siegenthaler2005
573.9130167,248.7207804,0.390895777,siegenthaler2005
574.3646545,251.7666008,1.777361317,siegenthaler2005
574.806,251.8615048,0.697965387,siegenthaler2005
575.2339636,252.0800267,1.300869309,siegenthaler2005
575.6545333,248.863922,0.97695472,siegenthaler2005
576.11285,252.5436976,0.521554006,siegenthaler2005
576.5991,252.8973536,1.060724612,siegenthaler2005
577.1151,251.2965767,1.059293978,siegenthaler2005
577.65385,251.3417253,1.130354419,siegenthaler2005
578.19635,251.0792764,0.595627621,siegenthaler2005
578.74235,249.056869,0.480739529,siegenthaler2005
579.28055,252.9234049,1.065351285,siegenthaler2005
579.8331167,251.4730231,1.803868638,siegenthaler2005
580.2105045,244.1397833,1.67067166,siegenthaler2005
580.4017833,243.8071398,0.868290267,siegenthaler2005
580.8140045,236.1702196,0.301758794,siegenthaler2005
581.11865,230.2553891,0.572421428,siegenthaler2005
581.5465273,225.2070402,1.565155138,siegenthaler2005
581.9283,219.4126581,0.811718311,siegenthaler2005
582.4545273,215.4458665,1.070961899,siegenthaler2005
582.8363,209.8834178,1.176993681,siegenthaler2005
583.5742545,206.6812525,0.506869076,siegenthaler2005
583.9588,210.6390178,0.638392343,siegenthaler2005
586.7208424,223.9576328,0.867501257,siegenthaler2005
587.17185,225.9929311,1.445760261,siegenthaler2005
587.8886682,234.4009291,0.50199586,siegenthaler2005
588.27935,238.7841159,0.975681088,siegenthaler2005
588.9409045,246.346029,1.802943817,siegenthaler2005
589.42535,250.2045646,0.4007109,siegenthaler2005
590.0401455,248.1046424,0.559608663,siegenthaler2005
590.4888,243.5553026,0.759903386,siegenthaler2005
591.0194667,237.3775124,0.751498889,siegenthaler2005
592.3834712,225.6788036,1.127497617,siegenthaler2005
592.7855167,229.3866701,1.253274745,siegenthaler2005
593.5612455,233.1632189,0.282480602,siegenthaler2005
594.0467545,238.1475936,0.89358731,siegenthaler2005
594.8638121,237.9772146,1.053569036,siegenthaler2005
595.4364667,232.9179557,0.596237848,siegenthaler2005
596.2215576,221.2172429,1.768260959,siegenthaler2005
596.7911333,216.4410116,0.913162835,siegenthaler2005
597.8036136,216.2730971,1.484257854,siegenthaler2005
598.32975,219.0222803,1.002835911,siegenthaler2005
599.2182182,225.9716627,1.136554693,siegenthaler2005
599.8146318,229.3814805,1.393130498,siegenthaler2005
601.25515,232.4547892,1.303806535,siegenthaler2005
602.60075,237.8582812,0.791113292,siegenthaler2005
603.94915,239.1401259,1.094385086,siegenthaler2005
605.30315,244.5322516,0.701667,siegenthaler2005
606.6259091,248.480185,1.678530665,siegenthaler2005
607.9793,254.5783255,1.221281915,siegenthaler2005
609.2473,259.2237979,1.816380536,siegenthaler2005
610.4295,257.7448677,0.45752466,siegenthaler2005
611.5510127,257.8151014,2.105904464,bereiter2014
611.6006333,259.6847092,1.164494503,bereiter2014
612.7619667,258.1379745,1.414586644,bereiter2014
613.9428,256.1935786,0.392391834,bereiter2014
615.1406,252.7479748,1.055853244,bereiter2014
616.2991164,252.8982584,0.618880379,bereiter2014
616.3566,252.7298005,0.935680411,bereiter2014
617.6095682,252.6394449,1.061448202,bereiter2014
618.95375,248.2889334,1.000936592,bereiter2014
620.28375,245.8865879,0.286845792,bereiter2014
621.65145,243.5306836,0.811340695,bereiter2014
622.9507327,243.8854525,2.840729062,bereiter2014
623.05495,239.1923088,0.832541544,bereiter2014
624.49695,237.928507,1.024716807,bereiter2014
625.3979242,235.0233065,0.346556449,bereiter2014
626.0475,228.5122254,0.883023144,bereiter2014
626.9694273,215.7096826,0.479665709,bereiter2014
627.8301,205.7631073,0.93576823,bereiter2014
629.1396182,199.5241646,0.768086967,bereiter2014
629.7698527,205.2658218,0.86755908,bereiter2014
629.8661,200.7773455,0.499371518,bereiter2014
631.5263227,200.4570693,1.814263074,bereiter2014
632.3569409,196.4991728,1.514601076,bereiter2014
634.0775379,193.0978999,1.552675762,bereiter2014
634.8811448,195.9498915,1.529545309,bereiter2014
635.0090333,194.8593659,1.763146609,bereiter2014
636.5215606,194.0025899,0.656973472,bereiter2014
637.7143667,195.3315012,1.850606616,bereiter2014
639.4182652,188.8477364,0.962509228,bereiter2014
640.37225,190.1777336,0.49881129,bereiter2014
642.0746045,191.384257,1.047623736,bereiter2014
642.85665,191.5605718,1.125125661,bereiter2014
644.3008273,195.3061298,1.253543533,bereiter2014
645.15065,195.8204274,0.949604015,bereiter2014
646.376947,189.885481,2.019538167,bereiter2014
647.25485,191.848061,1.002135875,bereiter2014
648.6124182,193.4765987,0.744526081,bereiter2014
649.1911,196.1714941,0.438474466,bereiter2014
650.3484636,189.2501799,1.217006115,bereiter2014
650.9471,193.4431546,0.710364548,bereiter2014
652.1042636,187.2748941,0.541965266,bereiter2014
652.70895,186.7937683,0.968995075,bereiter2014
653.73025,192.8691774,1.84588112,bereiter2014
654.43865,194.8160293,0.984863591,bereiter2014
655.52435,199.9959534,0.533737275,bereiter2014
656.13265,200.3524245,0.745271044,bereiter2014
657.1810909,192.9341212,0.649583404,bereiter2014
657.6542061,189.2334088,1.782637246,bereiter2014
657.722,190.8769406,0.874542205,bereiter2014
658.7641,184.0981364,0.287249996,bereiter2014
659.29382,187.3800807,1.062453689,bereiter2014
659.4119,185.6837858,0.414298806,bereiter2014
660.46355,188.4342745,0.952114568,bereiter2014
661.11832,193.9700305,0.98605397,bereiter2014
661.2159,191.5917035,0.774888946,bereiter2014
662.2821773,189.6905842,1.515328596,bereiter2014
662.7966095,193.908217,2.118714047,bereiter2014
662.87755,190.8610304,1.018899007,bereiter2014
663.9375152,191.0224933,1.201342968,bereiter2014
664.3204,192.5532136,1.303303128,bereiter2014
664.4080909,187.7670323,0.832446869,bereiter2014
665.3219394,180.1665971,1.11657377,bereiter2014
665.8365212,180.5376818,1.116933775,bereiter2014
666.75336,174.7686794,1.043998038,bereiter2014
667.4098573,173.7136201,1.377480667,bereiter2014
668.4152636,177.714661,0.682920794,bereiter2014
668.9155376,180.6705433,0.707123818,bereiter2014
669.8192988,187.655537,0.183503894,bereiter2014
670.2963188,191.5141319,0.924357446,bereiter2014
671.0707455,194.878373,0.968324596,bereiter2014
671.4579261,196.8275423,0.694612383,bereiter2014
672.1508827,194.7895604,0.581457617,bereiter2014
672.7613824,197.1291522,0.99228859,bereiter2014
673.6961061,201.1220986,1.002398511,bereiter2014
674.2293779,204.6697456,0.73115933,bereiter2014
675.0284,211.6914561,0.584018753,bereiter2014
675.4065333,216.1224818,0.806412836,bereiter2014
676.5307364,222.5748545,0.760094574,bereiter2014
677.1523091,219.9623846,0.606822044,bereiter2014
677.6007364,216.5907023,0.933700288,bereiter2014
678.3281818,218.2097347,1.380134405,bereiter2014
678.7416194,220.0862371,1.524574288,bereiter2014
679.4553739,229.160458,0.805861507,bereiter2014
679.7351745,232.7010242,0.897898698,bereiter2014
680.3125848,233.6111136,0.550125003,bereiter2014
680.6276079,233.1080061,1.163398056,bereiter2014
681.2256733,225.8085582,1.211256717,bereiter2014
681.6699267,227.8951603,1.319533797,bereiter2014
682.3437121,221.3062639,0.886972084,bereiter2014
682.7400858,219.1411842,0.951040256,bereiter2014
683.4578635,220.2352187,1.679330775,bereiter2014
683.8287524,222.6967128,0.60438732,bereiter2014
684.4236818,225.6416021,1.649888471,bereiter2014
684.7580591,224.3560777,1.294869769,bereiter2014
685.2948436,221.8203547,0.770842071,bereiter2014
685.6798655,220.6226141,0.696853957,bereiter2014
686.2691091,220.6316642,1.385233529,bereiter2014
686.5818109,222.6179258,1.045037512,bereiter2014
687.1540442,222.7044405,1.053978756,bereiter2014
687.4454973,222.965013,1.242740476,bereiter2014
688.0003818,226.7289261,1.003748009,bereiter2014
688.3001345,227.6504621,1.342338222,bereiter2014
688.8098703,227.6358561,1.13644892,bereiter2014
689.1578255,230.6687893,1.663294408,bereiter2014
689.6932576,232.0747772,1.28967869,bereiter2014
689.9514515,232.2674759,1.485577577,bereiter2014
690.4746527,235.8000553,0.991575868,bereiter2014
690.7363912,236.4535725,0.529233285,bereiter2014
691.2218348,239.2879301,1.052614052,bereiter2014
691.4676685,238.4159988,1.242795197,bereiter2014
691.9679624,239.3787348,1.953162518,bereiter2014
692.3183436,243.5623167,0.561571236,bereiter2014
692.8324591,239.2983941,1.270285885,bereiter2014
693.0770924,238.4733044,2.146507655,bereiter2014
693.574043,243.6995487,2.100161078,bereiter2014
693.8212929,237.756008,0.839063727,bereiter2014
694.2803485,239.3406333,0.9852722,bereiter2014
694.5368242,240.4566923,0.706995325,bereiter2014
694.9491382,239.3111317,0.914930499,bereiter2014
695.2592618,239.7965338,1.423691958,bereiter2014
695.7323091,236.7987348,0.569032237,bereiter2014
695.98188,238.7372303,1.464383091,bereiter2014
696.4348897,238.0518499,1.519203154,bereiter2014
696.6448345,238.132698,1.28357857,bereiter2014
697.0902909,239.4354919,0.960257057,bereiter2014
697.3424521,238.4199793,1.108060177,bereiter2014
697.7466752,239.8847439,1.274905018,bereiter2014
698.0390036,241.0299152,0.79229836,bereiter2014
698.5055382,240.8990463,1.919850567,bereiter2014
698.7532309,241.8320312,0.734126705,bereiter2014
699.2157512,238.8636108,1.021891825,bereiter2014
699.4390188,239.0095213,0.649762366,bereiter2014
699.8647076,239.7264196,0.799409355,bereiter2014
700.1036855,237.2061159,0.551206998,bereiter2014
700.4850242,236.7173884,0.652488459,bereiter2014
700.8148382,236.6070014,0.484802018,bereiter2014
701.2685273,235.4215271,0.969681347,bereiter2014
701.5245236,232.4560078,0.541314966,bereiter2014
701.9931491,230.8847912,1.019243736,bereiter2014
702.2009236,232.1621215,0.74989287,bereiter2014
702.7342727,232.1824465,1.618122975,bereiter2014
703.0099848,230.587829,0.255901067,bereiter2014
703.4685218,233.3539062,1.256020261,bereiter2014
703.7960732,232.2805206,1.123228408,bereiter2014
704.2505218,232.8295885,0.522388232,bereiter2014
704.5818055,233.5444872,1.357983828,bereiter2014
705.0533442,234.0426968,0.463754585,bereiter2014
705.2439091,235.0917249,1.678910402,bereiter2014
705.7269518,237.1846803,1.32602848,bereiter2014
706.0531982,237.6612315,1.567711448,bereiter2014
706.4929518,236.0536914,1.75190872,bereiter2014
706.7107395,236.0453403,0.932106194,bereiter2014
707.3106973,238.8480697,0.79548882,bereiter2014
707.6437255,233.5052881,1.460882163,bereiter2014
708.1996806,233.5834734,1.003473177,bereiter2014
708.4134485,233.1122849,1.008408852,bereiter2014
708.9591515,234.8361606,1.145203301,bereiter2014
709.4537879,231.4329713,0.859437207,bereiter2014
709.9095455,230.5073599,0.994764855,bereiter2014
710.4564545,227.0328227,0.732640888,bereiter2014
710.9833564,224.9017353,0.624373906,bereiter2014
711.3990436,225.3889691,0.291783548,bereiter2014
712.0214655,224.1234469,1.485373882,bereiter2014
712.2437273,224.0017437,1.446255348,bereiter2014
713.3125,223.8856926,0.468684147,bereiter2014
714.0655782,227.6373406,1.608568959,bereiter2014
714.403797,227.0831971,2.013014659,bereiter2014
715.1157327,223.142628,0.588226601,bereiter2014
715.5653764,227.5826982,0.554875656,bereiter2014
716.310163,213.5999929,0.657604991,bereiter2014
716.5859091,210.5098875,1.654548891,bereiter2014
717.3482727,198.4255957,1.169515288,bereiter2014
717.9554848,189.8784338,1.12841849,bereiter2014
718.7783485,193.460903,1.640632587,bereiter2014
719.2871818,200.8234845,0.752661738,bereiter2014
720.0872855,212.0305186,0.841971303,bereiter2014
720.5907595,217.0426911,0.897472595,bereiter2014
721.4075168,219.2003557,1.178419452,bereiter2014
721.6898636,218.9569448,1.268950823,bereiter2014
722.5058105,216.0967701,2.021798832,bereiter2014
722.9945945,212.1080718,0.68560759,bereiter2014
723.7802267,212.5454089,1.770687651,bereiter2014
724.142,214.0125928,1.185815901,bereiter2014
724.9753555,210.4806822,0.369313748,bereiter2014
725.4744314,211.4919763,1.278413364,bereiter2014
726.2495918,211.0759956,1.073871143,bereiter2014
726.5768636,211.4265693,0.768221078,bereiter2014
727.8985024,210.0675098,1.624998578,bereiter2014
728.5939021,210.2419749,0.833751856,bereiter2014
728.9875303,211.0778131,0.784979439,bereiter2014
729.8369385,210.0149975,1.007621079,bereiter2014
730.2603145,212.1716466,1.720672443,bereiter2014
730.9083136,210.1635175,0.694443244,bereiter2014
731.1842273,210.7023731,0.343182274,bereiter2014
731.861,211.6232109,0.358852114,bereiter2014
732.32175,213.7318788,1.885488298,bereiter2014
732.9935,208.1143039,1.243555791,bereiter2014
733.329,207.720752,0.813581433,bereiter2014
734.02223,210.6017427,1.03305178,bereiter2014
734.46262,216.1485999,1.81289184,bereiter2014
735.1345709,214.6624205,0.711836228,bereiter2014
735.4099091,217.8828377,0.831089409,bereiter2014
736.1073055,217.194473,1.379889401,bereiter2014
736.5222182,213.1440204,1.660273794,bereiter2014
737.2698194,206.9201812,1.555630617,bereiter2014
737.6601155,204.5191039,1.49408694,bereiter2014
738.5809945,191.7441063,0.92689779,bereiter2014
739.1745555,185.6096601,0.334166531,bereiter2014
740.1064525,185.4023665,2.38427867,bereiter2014
740.4609242,183.3925392,2.403439253,bereiter2014
741.3299024,184.7670847,2.071382016,bereiter2014
741.8741339,189.1426275,1.308534053,bereiter2014
742.6447491,188.646642,2.707438739,bereiter2014
743.0621697,187.3271928,0.715631537,bereiter2014
743.9590764,188.1795998,0.90982347,bereiter2014
744.5231418,188.9688197,0.897974567,bereiter2014
745.6710455,187.2923244,1.242678924,bereiter2014
746.6199261,190.2415493,0.421150804,bereiter2014
747.1770376,187.9198816,0.317990003,bereiter2014
747.9401958,187.9522843,1.272704239,bereiter2014
748.3368809,187.5437569,0.843309514,bereiter2014
749.2629345,188.6788749,1.262406998,bereiter2014
749.8141787,190.1748369,1.755989203,bereiter2014
750.7064409,192.0759224,1.570561151,bereiter2014
751.03625,191.2960363,1.384035824,bereiter2014
751.9738682,193.5471714,1.883420689,bereiter2014
752.5658818,197.495726,1.299814587,bereiter2014
753.4890691,195.4338892,0.340711595,bereiter2014
753.9346545,203.9027966,1.839866457,bereiter2014
755.1145776,199.0460536,1.700036765,bereiter2014
755.5868285,203.2996955,1.52689271,bereiter2014
756.5661685,208.1036711,1.961086428,bereiter2014
756.8506803,209.4450797,1.35754173,bereiter2014
757.7854509,213.6113901,2.151946376,bereiter2014
758.3624158,218.3519527,2.33538346,bereiter2014
759.1356915,222.7200859,1.502447772,bereiter2014
759.5618788,226.9430115,1.420963479,bereiter2014
759.8782121,223.0236555,0.680605937,bereiter2014
760.1082727,225.3736676,1.753614247,bereiter2014
760.5160552,225.6158254,2.330798643,bereiter2014
760.9399418,222.7085789,1.233804002,bereiter2014
761.8644882,216.6408086,0.754859772,bereiter2014
762.166043,214.694008,1.118173019,bereiter2014
763.1018036,213.9998029,1.86188556,bereiter2014
763.7705842,219.9481577,0.23048239,bereiter2014
764.6768824,223.8929502,2.05798047,bereiter2014
765.1818166,222.9260864,0.918328452,bereiter2014
765.5866364,233.6609057,3.0495924,bereiter2014
765.8514848,229.4074875,2.674206001,bereiter2014
766.1885045,232.1154555,1.377911362,bereiter2014
766.8089121,230.6229188,0.885695102,bereiter2014
767.7471624,224.864666,1.558346315,bereiter2014
768.1172576,223.8179649,0.511158382,bereiter2014
769.0613844,221.6409365,0.411494273,bereiter2014
769.6514236,225.8663567,0.94859265,bereiter2014
770.5991467,230.6269034,2.108287061,bereiter2014
771.0206667,229.5642363,1.803812261,bereiter2014
771.5193333,236.3189003,1.63771571,bereiter2014
771.8126667,234.2405482,1.61348803,bereiter2014
772.1752645,239.7120056,1.870287892,bereiter2014
772.4745636,243.8852524,1.102025199,bereiter2014
772.7379595,246.494568,2.170436587,bereiter2014
772.9956364,243.854752,2.091535218,bereiter2014
773.2498182,246.0305818,2.445271491,bereiter2014
773.6844691,237.7794476,1.513350883,bereiter2014
774.0441364,239.2312024,1.003750097,bereiter2014
774.9588082,238.3850776,2.258983128,bereiter2014
775.5380111,241.7410825,0.874727411,bereiter2014
776.3322588,245.3180553,0.360055866,bereiter2014
776.782697,248.9234726,0.627472505,bereiter2014
777.6817497,247.3032103,2.010076077,bereiter2014
778.2327918,252.4555389,0.667316413,bereiter2014
779.0579836,254.9270444,0.48499386,bereiter2014
779.3675455,254.6895621,1.129818019,bereiter2014
780.1889227,254.4321063,2.360097407,bereiter2014
780.7194364,252.5212569,0.932945702,bereiter2014
781.5628318,257.2103392,0.60467877,bereiter2014
781.8866818,251.50919,0.703159529,bereiter2014
782.7284497,257.4363037,0.652922253,bereiter2014
783.1985297,255.0181764,1.058782846,bereiter2014
784.2617559,260.9181501,2.512415199,bereiter2014
785.0340824,255.8455403,0.658867114,bereiter2014
785.5190509,259.6646238,0.240543385,bereiter2014
786.1896018,262.2298083,2.567331214,bereiter2014
786.563257,264.3450291,1.382652904,bereiter2014
787.3555127,269.3559593,1.257992802,bereiter2014
787.8035691,265.9973287,0.733630008,bereiter2014
788.47924,257.1989367,1.524640202,bereiter2014
788.6918715,257.0184549,2.689934642,bereiter2014
789.4940409,238.6409536,0.780147032,bereiter2014
789.9530091,235.4857431,2.991009831,bereiter2014
790.6394052,227.3777503,0.844955418,bereiter2014
791.0568827,230.5501347,1.766082234,bereiter2014
792.0307836,224.6857623,3.672453209,bereiter2014
792.6173012,214.4503514,2.533453283,bereiter2014
793.5193889,213.3577596,1.600021876,bereiter2014
793.8527583,218.3926417,1.926831018,bereiter2014
795.1224545,208.7893628,1.672175114,bereiter2014
795.6873182,204.6175064,1.987616975,bereiter2014
796.8525909,198.7924036,2.095588159,bereiter2014
797.3788182,197.9087863,1.415237735,bereiter2014
798.6812979,200.4894559,2.188989099,bereiter2014
801.2360591,198.6836109,1.736204287,bereiter2014
802.8720874,198.6572142,0.98264713,bereiter2014
803.7092524,202.6471059,1.04304943,bereiter2014
803.9252844,202.9217232,2.064487912,bereiter2014
804.0098706,207.4986455,0.915082715,bereiter2014
804.5226746,204.861938,1.642850765,bereiter2014
805.1324423,202.2268391,0.689586729,bereiter2014
805.6688684,207.2854401,2.202808377,bereiter2014